=== Stage2 (03) runtime config ===
Threads: 16 | Shard: 1/1
InputFile: afm_param_stage1_03.jld | InputTopK: 9 | LogEvery: 1 | FinalTopK: 1 | ResultFile: afm_param_stage2light_03.jld
Optimizer: amsgrad | GradScale(p_net/mech)=0.2/1.0
GroupAdapt: 1 | GroupEta: 0.15
CandidateFilter: 6
Stage2Script: afm_param_stage2light_03.jl
=== AFM Stage2-only (03) ===
Using Stage1 result: /home/lgou/HNODECB/step2a_hyperparameter_tuning/hyperparameter_tuning_first_stage/results_afm/afm_param_stage1_03.jld
[2026-03-09 13:42:56] === AFM Stage2 (03) ===
[2026-03-09 13:42:56] Switches: MS=false | Sanity=true | L2-grid pending...
[2026-03-09 13:42:56] Stage2 g_nn mode: ON | default=1.0
[2026-03-09 13:42:57] Stage2 candidate filter: [6]
[2026-03-09 13:42:57] Stage2 NN warm-start: loaded 10 entries from /home/lgou/HNODECB/step2a_hyperparameter_tuning/hyperparameter_tuning_first_stage/results_afm/afm_param_stage1pluslight_03.jld
[2026-03-09 13:42:57] Stage2 NN warm-start: base_ranks=[6] | rank_pick=1
[2026-03-09 13:42:57] Stage2 using top-9 candidates from Stage1
[2026-03-09 13:42:57] Stage2 shard assignment: 1/1 | local_candidates=1
[2026-03-09 13:42:57] Stage2 shard candidates: [6]
[2026-03-09 13:42:57] Stage2 warm-start NN states available: 10
[2026-03-09 13:42:57] Stage2 NN config: fixed layers=3 nodes=5 | bias=OFF | p_net warm-start=ON
[2026-03-09 13:42:57] Stage2 input top-9 from Stage1 (train/val):
[2026-03-09 13:42:58]   Rank 1 -- train=5.1724e-05 val=5.1732e-05 | ks0=5.429e-01 cs0=6.284e-08
[2026-03-09 13:42:58]   Rank 2 -- train=5.1681e-05 val=5.1816e-05 | ks0=5.509e-01 cs0=6.426e-08
[2026-03-09 13:42:58]   Rank 3 -- train=5.2226e-05 val=5.2379e-05 | ks0=5.591e-01 cs0=6.571e-08
[2026-03-09 13:42:58]   Rank 4 -- train=5.2474e-05 val=5.2439e-05 | ks0=5.350e-01 cs0=6.145e-08
[2026-03-09 13:42:58]   Rank 5 -- train=5.3913e-05 val=5.3922e-05 | ks0=5.272e-01 cs0=6.009e-08
[2026-03-09 13:42:58]   Rank 6 -- train=5.2644e-05 val=5.4347e-05 | ks0=1.710e-01 cs0=3.187e-07
[2026-03-09 13:42:58]   Rank 7 -- train=5.5863e-05 val=5.5871e-05 | ks0=5.195e-01 cs0=5.876e-08
[2026-03-09 13:42:58]   Rank 8 -- train=5.6045e-05 val=5.6164e-05 | ks0=5.783e-01 cs0=6.971e-08
[2026-03-09 13:42:58]   Rank 9 -- train=5.6622e-05 val=5.8005e-05 | ks0=1.686e-01 cs0=3.117e-07
[2026-03-09 13:42:58] === Stage2 SANITY (oracle F_hertz + true mech) ===
[2026-03-09 13:43:02]   sanity loss=8.1631e-11
[2026-03-09 13:43:02]   sanity parts: state=6.7e-11 x2dot=1.46e-11 x3r=None cont=None l2=None
[2026-03-09 13:43:02]   sanity rec: x1=0.0% x3=0.02%
[2026-03-09 13:43:02]   sanity nn: F_hertz err=0.0%
[2026-03-09 13:43:02]   sanity nn raw: min=NaN max=NaN span=NaN mean=NaN neg=NaN%
[2026-03-09 13:43:02] === Stage2 SANITY OK ===
[2026-03-09 13:43:02] L2 grid: [0.0]
[2026-03-09 13:43:02] Stage2 candidate 6/9 (local 1/1) start -- l2=0.00e+00 lr=3.00e-04 layers=3 nodes=5 g_nn=4.89e-05 warm=true (rank=1)
[2026-03-09 13:45:54]   init accepted on attempt 1/200 -- precheck loss=8.181e-5 grad_norm=0.00022 | source=warm_rank_1
[2026-03-09 13:45:54]   precheck nn raw: min=-3.56e-6 max=1.3e-5 span=1.65e-5 mean=5.27e-7 neg=60.02%
[2026-03-09 13:45:55]   optimizer=AMSGRAD | grad_scales: p_net=0.2 mech_raw=1.0
[2026-03-09 13:45:55]   group_adapt=ON | group_eta=0.15 | scale_bounds[p_net=0.02..1.0, mech_raw=0.2..2.0]
[2026-03-09 13:48:00] Stage2 epoch 1 train=8.181e-5
[2026-03-09 13:48:00]   grad_norm=4.4e-5 lr=0.0003
[2026-03-09 13:48:00]   lr_groups(eqv): p_net=6.0e-5 mech_raw=0.0003 | base=0.0003
[2026-03-09 13:48:00]   grad_groups(raw): p_net=0.00022 mech_raw=0.0
[2026-03-09 13:48:00]   grad_norm_raw=0.00022 grad_norm_scaled=4.4e-5 | scale[p_net=0.2, mech_raw=1.0]
[2026-03-09 13:48:00]   parts: state=6.47e-5 x2dot=1.71e-5 x3r=None cont=None l2=None
[2026-03-09 13:48:00]   rec: x1=1.63% x3=40.34%
[2026-03-09 13:48:00]   nn: F_hertz err=116.37%
[2026-03-09 13:48:00]   nn raw: min=-3.56e-6 max=1.3e-5 span=1.65e-5 mean=5.27e-7 neg=60.02%
[2026-03-09 13:48:00]   mech: ks=0.171 (err=71.05%) cs=3.19e-7 (err=32.8%)
[2026-03-09 13:48:04]   adam-vs-raw: dL_adam=-1.33e-6 dL_raw=-1.16e-6 | step_norm_adam=1.33e-5 step_norm_raw=1.33e-5
[2026-03-09 13:48:04]   adam-vs-raw terms: adam[t1=-2.9e-9, t2=-1.33e-6] raw[t1=-2.92e-9, t2=-1.15e-6]
[2026-03-09 13:48:12]   mech-grad AD(raw): [1]=0.0000000000000000e+00 [2]=0.0000000000000000e+00
[2026-03-09 13:48:12]   mech-grad FD(raw): [1]=1.1044969197646893e-03 [2]=-3.7809539842090885e-03 | h=[3.3701174445871424e-06, 2.8576450283009684e-06]
[2026-03-09 13:48:12]   mech-bound slope dp/draw: ks=1.6052665354309295e-01 cs=2.5413472444862459e-07
[2026-03-09 13:48:12]   mech-grad AD-FD diff(raw): [1]=-1.1044969197646893e-03 [2]=3.7809539842090885e-03
[2026-03-09 13:48:17]   adam-group-probe: dL_full=-1.33e-6 dL_net=-1.17e-6 dL_mech=7.78e-9 cross=-1.7e-7
[2026-03-09 13:48:17]   adam-group-step-norms: full=1.33e-5 net=1.33e-5 mech=3.82e-8
[2026-03-09 13:50:33] Stage2 epoch 2 train=8.057e-5
[2026-03-09 13:50:33]   grad_norm=4.51e-5 lr=0.000311
[2026-03-09 13:50:33]   lr_groups(eqv): p_net=6.23e-5 mech_raw=0.000311 | base=0.000311
[2026-03-09 13:50:33]   grad_groups(raw): p_net=0.000225 mech_raw=0.0
[2026-03-09 13:50:33]   grad_norm_raw=0.000225 grad_norm_scaled=4.51e-5 | scale[p_net=0.2, mech_raw=1.0]
[2026-03-09 13:50:33]   parts: state=6.38e-5 x2dot=1.67e-5 x3r=None cont=None l2=None
[2026-03-09 13:50:33]   rec: x1=1.62% x3=40.42%
[2026-03-09 13:50:33]   nn: F_hertz err=115.99%
[2026-03-09 13:50:33]   nn raw: min=-3.49e-6 max=1.29e-5 span=1.64e-5 mean=5.44e-7 neg=60.02%
[2026-03-09 13:50:33]   mech: ks=0.171 (err=71.05%) cs=3.19e-7 (err=32.8%)
[2026-03-09 13:50:37]   adam-vs-raw: dL_adam=-2.41e-6 dL_raw=-2.38e-6 | step_norm_adam=2.64e-5 step_norm_raw=2.64e-5
[2026-03-09 13:50:37]   adam-vs-raw terms: adam[t1=-5.94e-9, t2=-2.4e-6] raw[t1=-5.95e-9, t2=-2.38e-6]
[2026-03-09 13:50:45]   mech-grad AD(raw): [1]=0.0000000000000000e+00 [2]=0.0000000000000000e+00
[2026-03-09 13:50:45]   mech-grad FD(raw): [1]=1.3719389098215797e-02 [2]=2.8417989175869105e-02 | h=[3.3701174725984643e-06, 2.8576450563122900e-06]
[2026-03-09 13:50:45]   mech-bound slope dp/draw: ks=1.6052664934548358e-01 cs=2.5413471810288219e-07
[2026-03-09 13:50:45]   mech-grad AD-FD diff(raw): [1]=-1.3719389098215797e-02 [2]=-2.8417989175869105e-02
[2026-03-09 13:50:49]   adam-group-probe: dL_full=-2.41e-6 dL_net=-2.38e-6 dL_mech=-1.48e-7 cross=1.17e-7
[2026-03-09 13:50:49]   adam-group-step-norms: full=2.64e-5 net=2.64e-5 mech=3.57e-8
[2026-03-09 13:53:01] Stage2 epoch 3 train=7.802e-5
[2026-03-09 13:53:01]   grad_norm=4.74e-5 lr=0.000335
[2026-03-09 13:53:01]   lr_groups(eqv): p_net=6.7e-5 mech_raw=0.000335 | base=0.000335
[2026-03-09 13:53:01]   grad_groups(raw): p_net=0.000237 mech_raw=0.0
[2026-03-09 13:53:01]   grad_norm_raw=0.000237 grad_norm_scaled=4.74e-5 | scale[p_net=0.2, mech_raw=1.0]
[2026-03-09 13:53:01]   parts: state=6.2e-5 x2dot=1.61e-5 x3r=None cont=None l2=None
[2026-03-09 13:53:01]   rec: x1=1.59% x3=40.57%
[2026-03-09 13:53:01]   nn: F_hertz err=115.22%
[2026-03-09 13:53:01]   nn raw: min=-3.36e-6 max=1.27e-5 span=1.61e-5 mean=5.8e-7 neg=60.02%
[2026-03-09 13:53:01]   mech: ks=0.171 (err=71.05%) cs=3.19e-7 (err=32.8%)
[2026-03-09 13:53:05]   adam-vs-raw: dL_adam=-3.29e-6 dL_raw=-3.22e-6 | step_norm_adam=4.14e-5 step_norm_raw=4.14e-5
[2026-03-09 13:53:05]   adam-vs-raw terms: adam[t1=-9.82e-9, t2=-3.28e-6] raw[t1=-9.83e-9, t2=-3.21e-6]
[2026-03-09 13:53:13]   mech-grad AD(raw): [1]=0.0000000000000000e+00 [2]=0.0000000000000000e+00
[2026-03-09 13:53:13]   mech-grad FD(raw): [1]=-4.7900220531700609e-03 [2]=-2.6880747931274773e-03 | h=[3.3701174997379980e-06, 2.8576450834518236e-06]
[2026-03-09 13:53:13]   mech-bound slope dp/draw: ks=1.6052664527851529e-01 cs=2.5413471195463657e-07
[2026-03-09 13:53:13]   mech-grad AD-FD diff(raw): [1]=4.7900220531700609e-03 [2]=2.6880747931274773e-03
[2026-03-09 13:53:17]   adam-group-probe: dL_full=-3.29e-6 dL_net=-3.23e-6 dL_mech=6.08e-9 cross=-7.3e-8
[2026-03-09 13:53:17]   adam-group-step-norms: full=4.14e-5 net=4.14e-5 mech=3.45e-8
[2026-03-09 13:55:30] Stage2 epoch 4 train=7.445e-5
[2026-03-09 13:55:30]   grad_norm=5.08e-5 lr=0.000374
[2026-03-09 13:55:30]   lr_groups(eqv): p_net=7.49e-5 mech_raw=0.000374 | base=0.000374
[2026-03-09 13:55:30]   grad_groups(raw): p_net=0.000254 mech_raw=0.0
[2026-03-09 13:55:30]   grad_norm_raw=0.000254 grad_norm_scaled=5.08e-5 | scale[p_net=0.2, mech_raw=1.0]
[2026-03-09 13:55:30]   parts: state=5.94e-5 x2dot=1.5e-5 x3r=None cont=None l2=None
[2026-03-09 13:55:30]   rec: x1=1.56% x3=40.81%
[2026-03-09 13:55:30]   nn: F_hertz err=113.99%
[2026-03-09 13:55:30]   nn raw: min=-3.14e-6 max=1.25e-5 span=1.56e-5 mean=6.38e-7 neg=60.02%
[2026-03-09 13:55:30]   mech: ks=0.171 (err=71.05%) cs=3.19e-7 (err=32.8%)
[2026-03-09 13:55:34]   adam-vs-raw: dL_adam=-4.31e-6 dL_raw=-4.15e-6 | step_norm_adam=6.07e-5 step_norm_raw=6.07e-5
[2026-03-09 13:55:34]   adam-vs-raw terms: adam[t1=-1.54e-8, t2=-4.29e-6] raw[t1=-1.54e-8, t2=-4.13e-6]
[2026-03-09 13:55:42]   mech-grad AD(raw): [1]=0.0000000000000000e+00 [2]=0.0000000000000000e+00
[2026-03-09 13:55:42]   mech-grad FD(raw): [1]=-7.5838690741879995e-03 [2]=5.9265071131097231e-03 | h=[3.3701175270204760e-06, 2.8576451107343017e-06]
[2026-03-09 13:55:42]   mech-bound slope dp/draw: ks=1.6052664119012630e-01 cs=2.5413470577400815e-07
[2026-03-09 13:55:42]   mech-grad AD-FD diff(raw): [1]=7.5838690741879995e-03 [2]=-5.9265071131097231e-03
[2026-03-09 13:55:46]   adam-group-probe: dL_full=-4.31e-6 dL_net=-4.33e-6 dL_mech=-1.31e-7 cross=1.56e-7
[2026-03-09 13:55:46]   adam-group-step-norms: full=6.07e-5 net=6.07e-5 mech=3.47e-8
[2026-03-09 13:58:24] Stage2 epoch 5 train=6.968e-5
[2026-03-09 13:58:24]   grad_norm=5.58e-5 lr=0.000434
[2026-03-09 13:58:24]   lr_groups(eqv): p_net=8.68e-5 mech_raw=0.000434 | base=0.000434
[2026-03-09 13:58:24]   grad_groups(raw): p_net=0.000279 mech_raw=0.0
[2026-03-09 13:58:24]   grad_norm_raw=0.000279 grad_norm_scaled=5.58e-5 | scale[p_net=0.2, mech_raw=1.0]
[2026-03-09 13:58:24]   parts: state=5.61e-5 x2dot=1.36e-5 x3r=None cont=None l2=None
[2026-03-09 13:58:24]   rec: x1=1.52% x3=41.18%
[2026-03-09 13:58:24]   nn: F_hertz err=112.16%
[2026-03-09 13:58:24]   nn raw: min=-2.83e-6 max=1.21e-5 span=1.49e-5 mean=7.25e-7 neg=60.02%
[2026-03-09 13:58:24]   mech: ks=0.171 (err=71.05%) cs=3.19e-7 (err=32.8%)
[2026-03-09 13:58:28]   adam-vs-raw: dL_adam=-4.75e-6 dL_raw=-4.76e-6 | step_norm_adam=8.75e-5 step_norm_raw=8.75e-5
[2026-03-09 13:58:28]   adam-vs-raw terms: adam[t1=-2.44e-8, t2=-4.72e-6] raw[t1=-2.44e-8, t2=-4.74e-6]
[2026-03-09 13:58:37]   mech-grad AD(raw): [1]=0.0000000000000000e+00 [2]=0.0000000000000000e+00
[2026-03-09 13:58:37]   mech-grad FD(raw): [1]=2.4578066385756586e-02 [2]=-1.5067933684573475e-02 | h=[3.3701175554767101e-06, 2.8576451391905362e-06]
[2026-03-09 13:58:37]   mech-bound slope dp/draw: ks=1.6052663692584535e-01 cs=2.5413469932747486e-07
[2026-03-09 13:58:37]   mech-grad AD-FD diff(raw): [1]=-2.4578066385756586e-02 [2]=1.5067933684573475e-02
[2026-03-09 13:58:41]   adam-group-probe: dL_full=-4.75e-6 dL_net=-4.67e-6 dL_mech=1.77e-8 cross=-9.43e-8
[2026-03-09 13:58:41]   adam-group-step-norms: full=8.75e-5 net=8.75e-5 mech=3.62e-8
[2026-03-09 14:01:20] Stage2 epoch 6 train=6.435e-5
[2026-03-09 14:01:20]   grad_norm=6.38e-5 lr=0.000522
[2026-03-09 14:01:20]   lr_groups(eqv): p_net=0.000104 mech_raw=0.000522 | base=0.000522
[2026-03-09 14:01:20]   grad_groups(raw): p_net=0.000319 mech_raw=0.0
[2026-03-09 14:01:20]   grad_norm_raw=0.000319 grad_norm_scaled=6.38e-5 | scale[p_net=0.2, mech_raw=1.0]
[2026-03-09 14:01:20]   parts: state=5.27e-5 x2dot=1.17e-5 x3r=None cont=None l2=None
[2026-03-09 14:01:20]   rec: x1=1.47% x3=41.72%
[2026-03-09 14:01:20]   nn: F_hertz err=109.55%
[2026-03-09 14:01:20]   nn raw: min=-2.39e-6 max=1.15e-5 span=1.39e-5 mean=8.57e-7 neg=60.02%
[2026-03-09 14:01:20]   mech: ks=0.171 (err=71.05%) cs=3.19e-7 (err=32.8%)
[2026-03-09 14:01:24]   adam-vs-raw: dL_adam=-3.71e-6 dL_raw=-3.74e-6 | step_norm_adam=0.000128 step_norm_raw=0.000128
[2026-03-09 14:01:24]   adam-vs-raw terms: adam[t1=-4.08e-8, t2=-3.67e-6] raw[t1=-4.08e-8, t2=-3.7e-6]
[2026-03-09 14:01:33]   mech-grad AD(raw): [1]=0.0000000000000000e+00 [2]=0.0000000000000000e+00
[2026-03-09 14:01:33]   mech-grad FD(raw): [1]=-7.6352965001578055e-03 [2]=-1.3264336551818768e-02 | h=[3.3701175862718779e-06, 2.8576451699857039e-06]
[2026-03-09 14:01:33]   mech-bound slope dp/draw: ks=1.6052663231106587e-01 cs=2.5413469235107481e-07
[2026-03-09 14:01:33]   mech-grad AD-FD diff(raw): [1]=7.6352965001578055e-03 [2]=1.3264336551818768e-02
[2026-03-09 14:01:37]   adam-group-probe: dL_full=-3.71e-6 dL_net=-3.64e-6 dL_mech=-1.12e-7 cross=4.0e-8
[2026-03-09 14:01:37]   adam-group-step-norms: full=0.000128 net=0.000128 mech=3.92e-8
[2026-03-09 14:03:46] Stage2 epoch 7 train=6.017e-5
[2026-03-09 14:03:46]   grad_norm=7.46e-5 lr=0.000651
[2026-03-09 14:03:46]   lr_groups(eqv): p_net=0.00013 mech_raw=0.000651 | base=0.000651
[2026-03-09 14:03:46]   grad_groups(raw): p_net=0.000373 mech_raw=0.0
[2026-03-09 14:03:46]   grad_norm_raw=0.000373 grad_norm_scaled=7.46e-5 | scale[p_net=0.2, mech_raw=1.0]
[2026-03-09 14:03:46]   parts: state=5.07e-5 x2dot=9.5e-6 x3r=None cont=None l2=None
[2026-03-09 14:03:46]   rec: x1=1.44% x3=42.53%
[2026-03-09 14:03:46]   nn: F_hertz err=105.88%
[2026-03-09 14:03:46]   nn raw: min=-1.8e-6 max=1.06e-5 span=1.24e-5 mean=1.06e-6 neg=55.0%
[2026-03-09 14:03:46]   mech: ks=0.171 (err=71.05%) cs=3.19e-7 (err=32.8%)
[2026-03-09 14:03:50]   adam-vs-raw: dL_adam=9.47e-7 dL_raw=8.79e-7 | step_norm_adam=0.000192 step_norm_raw=0.000192
[2026-03-09 14:03:50]   adam-vs-raw terms: adam[t1=-7.16e-8, t2=1.02e-6] raw[t1=-7.16e-8, t2=9.51e-7]
[2026-03-09 14:03:59]   mech-grad AD(raw): [1]=0.0000000000000000e+00 [2]=0.0000000000000000e+00
[2026-03-09 14:03:59]   mech-grad FD(raw): [1]=1.2401129634724934e-02 [2]=4.0061816641034703e-03 | h=[3.3701176208497512e-06, 2.8576452045635768e-06]
[2026-03-09 14:03:59]   mech-bound slope dp/draw: ks=1.6052662712943308e-01 cs=2.5413468451773334e-07
[2026-03-09 14:03:59]   mech-grad AD-FD diff(raw): [1]=-1.2401129634724934e-02 [2]=-4.0061816641034703e-03
[2026-03-09 14:04:03]   adam-group-probe: dL_full=9.47e-7 dL_net=9.21e-7 dL_mech=-1.01e-7 cross=1.27e-7
[2026-03-09 14:04:03]   adam-group-step-norms: full=0.000192 net=0.000192 mech=4.4e-8
[2026-03-09 14:04:05]   step-guard retry 1/6 -- reason=step_trial_loss_jump | lr=8.42e-5 | scale[p_net=0.2, mech_raw=1.0]
[2026-03-09 14:04:07]   step-guard: accepted after 1 retry/reduction(s) | lr=8.42e-5 | trial_loss=5.972e-5
[2026-03-09 14:06:28] Stage2 epoch 8 train=5.972e-5
[2026-03-09 14:06:28]   grad_norm=7.62e-5 lr=8.42e-5
[2026-03-09 14:06:28]   lr_groups(eqv): p_net=1.68e-5 mech_raw=8.42e-5 | base=8.42e-5
[2026-03-09 14:06:28]   grad_groups(raw): p_net=0.000381 mech_raw=0.0
[2026-03-09 14:06:28]   grad_norm_raw=0.000381 grad_norm_scaled=7.62e-5 | scale[p_net=0.2, mech_raw=1.0]
[2026-03-09 14:06:28]   parts: state=5.05e-5 x2dot=9.22e-6 x3r=None cont=None l2=None
[2026-03-09 14:06:28]   rec: x1=1.44% x3=42.65%
[2026-03-09 14:06:28]   nn: F_hertz err=105.35%
[2026-03-09 14:06:28]   nn raw: min=-1.71e-6 max=1.05e-5 span=1.22e-5 mean=1.09e-6 neg=53.62%
[2026-03-09 14:06:28]   mech: ks=0.171 (err=71.05%) cs=3.19e-7 (err=32.8%)
[2026-03-09 14:06:32]   adam-vs-raw: dL_adam=-4.45e-9 dL_raw=-7.53e-9 | step_norm_adam=2.88e-5 step_norm_raw=2.88e-5
[2026-03-09 14:06:32]   adam-vs-raw terms: adam[t1=-1.1e-8, t2=6.53e-9] raw[t1=-1.1e-8, t2=3.46e-9]
[2026-03-09 14:06:40]   mech-grad AD(raw): [1]=0.0000000000000000e+00 [2]=0.0000000000000000e+00
[2026-03-09 14:06:40]   mech-grad FD(raw): [1]=7.1231722054775539e-03 [2]=-1.4193269165654835e-02 | h=[3.3701176248780637e-06, 2.8576452085918897e-06]
[2026-03-09 14:06:40]   mech-bound slope dp/draw: ks=1.6052662652577426e-01 cs=2.5413468360515116e-07
[2026-03-09 14:06:40]   mech-grad AD-FD diff(raw): [1]=-7.1231722054775539e-03 [2]=1.4193269165654835e-02
[2026-03-09 14:06:44]   adam-group-probe: dL_full=-4.45e-9 dL_net=-1.09e-7 dL_mech=7.63e-8 cross=2.84e-8
[2026-03-09 14:06:44]   adam-group-step-norms: full=2.88e-5 net=2.88e-5 mech=5.13e-9
[2026-03-09 14:08:59] Stage2 epoch 9 train=5.961e-5
[2026-03-09 14:08:59]   grad_norm=7.91e-5 lr=0.000113
[2026-03-09 14:08:59]   lr_groups(eqv): p_net=2.26e-5 mech_raw=0.000113 | base=0.000113
[2026-03-09 14:08:59]   grad_groups(raw): p_net=0.000395 mech_raw=0.0
[2026-03-09 14:08:59]   grad_norm_raw=0.000395 grad_norm_scaled=7.91e-5 | scale[p_net=0.2, mech_raw=1.0]
[2026-03-09 14:08:59]   parts: state=5.07e-5 x2dot=8.86e-6 x3r=None cont=None l2=None
[2026-03-09 14:08:59]   rec: x1=1.45% x3=42.85%
[2026-03-09 14:08:59]   nn: F_hertz err=104.53%
[2026-03-09 14:08:59]   nn raw: min=-1.59e-6 max=1.03e-5 span=1.18e-5 mean=1.14e-6 neg=51.49%
[2026-03-09 14:08:59]   mech: ks=0.171 (err=71.05%) cs=3.19e-7 (err=32.8%)
[2026-03-09 14:09:03]   adam-vs-raw: dL_adam=1.69e-7 dL_raw=2.41e-7 | step_norm_adam=4.38e-5 step_norm_raw=4.38e-5
[2026-03-09 14:09:03]   adam-vs-raw terms: adam[t1=-1.73e-8, t2=1.86e-7] raw[t1=-1.73e-8, t2=2.59e-7]
[2026-03-09 14:09:12]   mech-grad AD(raw): [1]=0.0000000000000000e+00 [2]=0.0000000000000000e+00
[2026-03-09 14:09:12]   mech-grad FD(raw): [1]=1.9695294400223662e-02 [2]=-1.3616340891501454e-02 | h=[3.3701176297472512e-06, 2.8576452134610768e-06]
[2026-03-09 14:09:12]   mech-bound slope dp/draw: ks=1.6052662579610705e-01 cs=2.5413468250207561e-07
[2026-03-09 14:09:12]   mech-grad AD-FD diff(raw): [1]=-1.9695294400223662e-02 [2]=1.3616340891501454e-02
[2026-03-09 14:09:16]   adam-group-probe: dL_full=1.69e-7 dL_net=1.45e-7 dL_mech=8.67e-8 cross=-6.29e-8
[2026-03-09 14:09:16]   adam-group-step-norms: full=4.38e-5 net=4.38e-5 mech=6.2e-9
[2026-03-09 14:11:27] Stage2 epoch 10 train=5.991e-5
[2026-03-09 14:11:27]   grad_norm=8.33e-5 lr=0.000158
[2026-03-09 14:11:27]   lr_groups(eqv): p_net=3.15e-5 mech_raw=0.000158 | base=0.000158
[2026-03-09 14:11:27]   grad_groups(raw): p_net=0.000417 mech_raw=0.0
[2026-03-09 14:11:27]   grad_norm_raw=0.000417 grad_norm_scaled=8.33e-5 | scale[p_net=0.2, mech_raw=1.0]
[2026-03-09 14:11:27]   parts: state=5.15e-5 x2dot=8.39e-6 x3r=None cont=None l2=None
[2026-03-09 14:11:27]   rec: x1=1.46% x3=43.15%
[2026-03-09 14:11:27]   nn: F_hertz err=103.3%
[2026-03-09 14:11:27]   nn raw: min=-1.39e-6 max=9.91e-6 span=1.13e-5 mean=1.21e-6 neg=47.96%
[2026-03-09 14:11:27]   mech: ks=0.171 (err=71.05%) cs=3.19e-7 (err=32.8%)
[2026-03-09 14:11:31]   adam-vs-raw: dL_adam=1.17e-6 dL_raw=1.18e-6 | step_norm_adam=6.8e-5 step_norm_raw=6.8e-5
[2026-03-09 14:11:31]   adam-vs-raw terms: adam[t1=-2.83e-8, t2=1.2e-6] raw[t1=-2.83e-8, t2=1.21e-6]
[2026-03-09 14:11:39]   mech-grad AD(raw): [1]=0.0000000000000000e+00 [2]=0.0000000000000000e+00
[2026-03-09 14:11:39]   mech-grad FD(raw): [1]=4.4104121766547566e-03 [2]=-2.3473230698436959e-02 | h=[3.3701176358538184e-06, 2.8576452195676440e-06]
[2026-03-09 14:11:39]   mech-bound slope dp/draw: ks=1.6052662488101352e-01 cs=2.5413468111868149e-07
[2026-03-09 14:11:39]   mech-grad AD-FD diff(raw): [1]=-4.4104121766547566e-03 [2]=2.3473230698436959e-02
[2026-03-09 14:11:43]   adam-group-probe: dL_full=1.17e-6 dL_net=1.17e-6 dL_mech=9.89e-8 cross=-9.34e-8
[2026-03-09 14:11:43]   adam-group-step-norms: full=6.8e-5 net=6.8e-5 mech=7.77e-9
[2026-03-09 14:11:45]   step-guard retry 1/6 -- reason=step_trial_loss_jump | lr=2.28e-5 | scale[p_net=0.2, mech_raw=1.0]
[2026-03-09 14:11:47]   step-guard: accepted after 1 retry/reduction(s) | lr=2.28e-5 | trial_loss=6.003e-5
[2026-03-09 14:13:56] Stage2 epoch 11 train=6.003e-5
[2026-03-09 14:13:56]   grad_norm=8.41e-5 lr=2.28e-5
[2026-03-09 14:13:56]   lr_groups(eqv): p_net=4.56e-6 mech_raw=2.28e-5 | base=2.28e-5
[2026-03-09 14:13:56]   grad_groups(raw): p_net=0.000421 mech_raw=0.0
[2026-03-09 14:13:56]   grad_norm_raw=0.000421 grad_norm_scaled=8.41e-5 | scale[p_net=0.2, mech_raw=1.0]
[2026-03-09 14:13:56]   parts: state=5.17e-5 x2dot=8.32e-6 x3r=None cont=None l2=None
[2026-03-09 14:13:56]   rec: x1=1.46% x3=43.2%
[2026-03-09 14:13:56]   nn: F_hertz err=103.1%
[2026-03-09 14:13:56]   nn raw: min=-1.36e-6 max=9.86e-6 span=1.12e-5 mean=1.22e-6 neg=47.36%
[2026-03-09 14:13:56]   mech: ks=0.171 (err=71.05%) cs=3.19e-7 (err=32.8%)
[2026-03-09 14:14:00]   adam-vs-raw: dL_adam=1.64e-7 dL_raw=7.79e-8 | step_norm_adam=1.08e-5 step_norm_raw=1.08e-5
[2026-03-09 14:14:00]   adam-vs-raw terms: adam[t1=-4.53e-9, t2=1.68e-7] raw[t1=-4.53e-9, t2=8.24e-8]
[2026-03-09 14:14:08]   mech-grad AD(raw): [1]=0.0000000000000000e+00 [2]=0.0000000000000000e+00
[2026-03-09 14:14:08]   mech-grad FD(raw): [1]=-2.6600212740533369e-02 [2]=-8.2340458292527504e-03 | h=[3.3701176366484098e-06, 2.8576452203622359e-06]
[2026-03-09 14:14:08]   mech-bound slope dp/draw: ks=1.6052662476194079e-01 cs=2.5413468093867312e-07
[2026-03-09 14:14:08]   mech-grad AD-FD diff(raw): [1]=2.6600212740533369e-02 [2]=8.2340458292527504e-03
[2026-03-09 14:14:12]   adam-group-probe: dL_full=1.64e-7 dL_net=3.33e-7 dL_mech=1.5e-7 cross=-3.19e-7
[2026-03-09 14:14:12]   adam-group-step-norms: full=1.08e-5 net=1.08e-5 mech=1.01e-9
[2026-03-09 14:16:32] Stage2 epoch 12 train=6.021e-5
[2026-03-09 14:16:32]   grad_norm=8.52e-5 lr=3.42e-5
[2026-03-09 14:16:32]   lr_groups(eqv): p_net=6.84e-6 mech_raw=3.42e-5 | base=3.42e-5
[2026-03-09 14:16:32]   grad_groups(raw): p_net=0.000426 mech_raw=0.0
[2026-03-09 14:16:32]   grad_norm_raw=0.000426 grad_norm_scaled=8.52e-5 | scale[p_net=0.2, mech_raw=1.0]
[2026-03-09 14:16:32]   parts: state=5.2e-5 x2dot=8.23e-6 x3r=None cont=None l2=None
[2026-03-09 14:16:32]   rec: x1=1.46% x3=43.28%
[2026-03-09 14:16:32]   nn: F_hertz err=102.79%
[2026-03-09 14:16:32]   nn raw: min=-1.32e-6 max=9.77e-6 span=1.11e-5 mean=1.24e-6 neg=46.5%
[2026-03-09 14:16:32]   mech: ks=0.171 (err=71.05%) cs=3.19e-7 (err=32.8%)
[2026-03-09 14:16:36]   adam-vs-raw: dL_adam=3.29e-7 dL_raw=4.78e-7 | step_norm_adam=1.75e-5 step_norm_raw=1.75e-5
[2026-03-09 14:16:36]   adam-vs-raw terms: adam[t1=-7.44e-9, t2=3.37e-7] raw[t1=-7.44e-9, t2=4.85e-7]
[2026-03-09 14:16:44]   mech-grad AD(raw): [1]=0.0000000000000000e+00 [2]=0.0000000000000000e+00
[2026-03-09 14:16:44]   mech-grad FD(raw): [1]=6.4537235368842469e-03 [2]=-2.3548779446422061e-02 | h=[3.3701176377211521e-06, 2.8576452214349781e-06]
[2026-03-09 14:16:44]   mech-bound slope dp/draw: ks=1.6052662460118608e-01 cs=2.5413468069565190e-07
[2026-03-09 14:16:44]   mech-grad AD-FD diff(raw): [1]=-6.4537235368842469e-03 [2]=2.3548779446422061e-02
[2026-03-09 14:16:48]   adam-group-probe: dL_full=3.29e-7 dL_net=2.68e-7 dL_mech=7.65e-8 cross=-1.53e-8
[2026-03-09 14:16:48]   adam-group-step-norms: full=1.75e-5 net=1.75e-5 mech=1.37e-9
[2026-03-09 14:18:59] Stage2 epoch 13 train=6.081e-5
[2026-03-09 14:18:59]   grad_norm=8.74e-5 lr=5.32e-5
[2026-03-09 14:18:59]   lr_groups(eqv): p_net=1.06e-5 mech_raw=5.32e-5 | base=5.32e-5
[2026-03-09 14:18:59]   grad_groups(raw): p_net=0.000437 mech_raw=0.0
[2026-03-09 14:18:59]   grad_norm_raw=0.000437 grad_norm_scaled=8.74e-5 | scale[p_net=0.2, mech_raw=1.0]
[2026-03-09 14:18:59]   parts: state=5.27e-5 x2dot=8.09e-6 x3r=None cont=None l2=None
[2026-03-09 14:18:59]   rec: x1=1.48% x3=43.41%
[2026-03-09 14:18:59]   nn: F_hertz err=102.27%
[2026-03-09 14:18:59]   nn raw: min=-1.24e-6 max=9.61e-6 span=1.09e-5 mean=1.28e-6 neg=44.89%
[2026-03-09 14:18:59]   mech: ks=0.171 (err=71.05%) cs=3.19e-7 (err=32.8%)
[2026-03-09 14:19:04]   adam-vs-raw: dL_adam=6.86e-7 dL_raw=5.55e-7 | step_norm_adam=2.91e-5 step_norm_raw=2.91e-5
[2026-03-09 14:19:04]   adam-vs-raw terms: adam[t1=-1.27e-8, t2=6.99e-7] raw[t1=-1.27e-8, t2=5.68e-7]
[2026-03-09 14:19:12]   mech-grad AD(raw): [1]=0.0000000000000000e+00 [2]=0.0000000000000000e+00
[2026-03-09 14:19:12]   mech-grad FD(raw): [1]=-1.1608175612779749e-02 [2]=-3.5546018519622087e-02 | h=[3.3701176392237779e-06, 2.8576452229376035e-06]
[2026-03-09 14:19:12]   mech-bound slope dp/draw: ks=1.6052662437601156e-01 cs=2.5413468035524408e-07
[2026-03-09 14:19:12]   mech-grad AD-FD diff(raw): [1]=1.1608175612779749e-02 [2]=3.5546018519622087e-02
[2026-03-09 14:19:16]   adam-group-probe: dL_full=6.86e-7 dL_net=5.8e-7 dL_mech=-5.5e-8 cross=1.61e-7
[2026-03-09 14:19:16]   adam-group-step-norms: full=2.91e-5 net=2.91e-5 mech=1.91e-9
[2026-03-09 14:19:18]   step-guard retry 1/6 -- reason=step_trial_loss_jump | lr=8.59e-6 | scale[p_net=0.2, mech_raw=1.0]
[2026-03-09 14:19:20]   step-guard: accepted after 1 retry/reduction(s) | lr=8.59e-6 | trial_loss=6.087e-5
[2026-03-09 14:21:28] Stage2 epoch 14 train=6.087e-5
[2026-03-09 14:21:28]   grad_norm=8.78e-5 lr=8.59e-6
[2026-03-09 14:21:28]   lr_groups(eqv): p_net=1.72e-6 mech_raw=8.59e-6 | base=8.59e-6
[2026-03-09 14:21:28]   grad_groups(raw): p_net=0.000439 mech_raw=0.0
[2026-03-09 14:21:28]   grad_norm_raw=0.000439 grad_norm_scaled=8.78e-5 | scale[p_net=0.2, mech_raw=1.0]
[2026-03-09 14:21:28]   parts: state=5.28e-5 x2dot=8.07e-6 x3r=None cont=None l2=None
[2026-03-09 14:21:28]   rec: x1=1.48% x3=43.44%
[2026-03-09 14:21:28]   nn: F_hertz err=102.18%
[2026-03-09 14:21:28]   nn raw: min=-1.22e-6 max=9.59e-6 span=1.08e-5 mean=1.28e-6 neg=44.64%
[2026-03-09 14:21:28]   mech: ks=0.171 (err=71.05%) cs=3.19e-7 (err=32.8%)
[2026-03-09 14:21:32]   adam-vs-raw: dL_adam=5.88e-8 dL_raw=-4.49e-8 | step_norm_adam=4.98e-6 step_norm_raw=4.98e-6
[2026-03-09 14:21:32]   adam-vs-raw terms: adam[t1=-2.19e-9, t2=6.1e-8] raw[t1=-2.19e-9, t2=-4.27e-8]
[2026-03-09 14:21:40]   mech-grad AD(raw): [1]=0.0000000000000000e+00 [2]=0.0000000000000000e+00
[2026-03-09 14:21:40]   mech-grad FD(raw): [1]=1.6988685660440969e-02 [2]=2.1431101598165900e-02 | h=[3.3701176394421557e-06, 2.8576452231559813e-06]
[2026-03-09 14:21:40]   mech-bound slope dp/draw: ks=1.6052662434328682e-01 cs=2.5413468030577233e-07
[2026-03-09 14:21:40]   mech-grad AD-FD diff(raw): [1]=-1.6988685660440969e-02 [2]=-2.1431101598165900e-02
[2026-03-09 14:21:44]   adam-group-probe: dL_full=5.88e-8 dL_net=1.59e-7 dL_mech=1.66e-7 cross=-2.66e-7
[2026-03-09 14:21:44]   adam-group-step-norms: full=4.98e-6 net=4.98e-6 mech=2.78e-10
[2026-03-09 14:23:59] Stage2 epoch 15 train=6.091e-5
[2026-03-09 14:23:59]   grad_norm=8.82e-5 lr=1.44e-5
[2026-03-09 14:23:59]   lr_groups(eqv): p_net=2.88e-6 mech_raw=1.44e-5 | base=1.44e-5
[2026-03-09 14:23:59]   grad_groups(raw): p_net=0.000441 mech_raw=0.0
[2026-03-09 14:23:59]   grad_norm_raw=0.000441 grad_norm_scaled=8.82e-5 | scale[p_net=0.2, mech_raw=1.0]
[2026-03-09 14:23:59]   parts: state=5.29e-5 x2dot=8.01e-6 x3r=None cont=None l2=None
[2026-03-09 14:23:59]   rec: x1=1.48% x3=43.47%
[2026-03-09 14:23:59]   nn: F_hertz err=102.02%
[2026-03-09 14:23:59]   nn raw: min=-1.2e-6 max=9.54e-6 span=1.07e-5 mean=1.3e-6 neg=44.16%
[2026-03-09 14:23:59]   mech: ks=0.171 (err=71.05%) cs=3.19e-7 (err=32.8%)
[2026-03-09 14:24:03]   adam-vs-raw: dL_adam=2.28e-7 dL_raw=2.98e-7 | step_norm_adam=8.78e-6 step_norm_raw=8.78e-6
[2026-03-09 14:24:03]   adam-vs-raw terms: adam[t1=-3.87e-9, t2=2.32e-7] raw[t1=-3.87e-9, t2=3.01e-7]
[2026-03-09 14:24:11]   mech-grad AD(raw): [1]=0.0000000000000000e+00 [2]=0.0000000000000000e+00
[2026-03-09 14:24:11]   mech-grad FD(raw): [1]=-4.1958266161892391e-03 [2]=9.8063288313331807e-03 | h=[3.3701176397714360e-06, 2.8576452234852620e-06]
[2026-03-09 14:24:11]   mech-bound slope dp/draw: ks=1.6052662429394282e-01 cs=2.5413468023117646e-07
[2026-03-09 14:24:11]   mech-grad AD-FD diff(raw): [1]=4.1958266161892391e-03 [2]=-9.8063288313331807e-03
[2026-03-09 14:24:15]   adam-group-probe: dL_full=2.28e-7 dL_net=3.71e-7 dL_mech=4.85e-8 cross=-1.91e-7
[2026-03-09 14:24:15]   adam-group-step-norms: full=8.78e-6 net=8.78e-6 mech=4.19e-10
[2026-03-09 14:26:29] Stage2 epoch 16 train=6.14e-5
[2026-03-09 14:26:29]   grad_norm=8.95e-5 lr=2.5e-5
[2026-03-09 14:26:29]   lr_groups(eqv): p_net=5.0e-6 mech_raw=2.5e-5 | base=2.5e-5
[2026-03-09 14:26:29]   grad_groups(raw): p_net=0.000448 mech_raw=0.0
[2026-03-09 14:26:29]   grad_norm_raw=0.000448 grad_norm_scaled=8.95e-5 | scale[p_net=0.2, mech_raw=1.0]
[2026-03-09 14:26:29]   parts: state=5.34e-5 x2dot=7.96e-6 x3r=None cont=None l2=None
[2026-03-09 14:26:29]   rec: x1=1.49% x3=43.55%
[2026-03-09 14:26:29]   nn: F_hertz err=101.74%
[2026-03-09 14:26:29]   nn raw: min=-1.16e-6 max=9.46e-6 span=1.06e-5 mean=1.31e-6 neg=43.3%
[2026-03-09 14:26:29]   mech: ks=0.171 (err=71.05%) cs=3.19e-7 (err=32.8%)
[2026-03-09 14:26:33]   adam-vs-raw: dL_adam=3.33e-7 dL_raw=4.69e-7 | step_norm_adam=1.6e-5 step_norm_raw=1.6e-5
[2026-03-09 14:26:33]   adam-vs-raw terms: adam[t1=-7.15e-9, t2=3.4e-7] raw[t1=-7.15e-9, t2=4.76e-7]
[2026-03-09 14:26:41]   mech-grad AD(raw): [1]=0.0000000000000000e+00 [2]=0.0000000000000000e+00
[2026-03-09 14:26:41]   mech-grad FD(raw): [1]=2.1119008802309686e-02 [2]=1.3709989859297732e-02 | h=[3.3701176402865734e-06, 2.8576452240003991e-06]
[2026-03-09 14:26:41]   mech-bound slope dp/draw: ks=1.6052662421674743e-01 cs=2.5413468011447618e-07
[2026-03-09 14:26:41]   mech-grad AD-FD diff(raw): [1]=-2.1119008802309686e-02 [2]=-1.3709989859297732e-02
[2026-03-09 14:26:45]   adam-group-probe: dL_full=3.33e-7 dL_net=2.57e-7 dL_mech=-1.23e-8 cross=8.83e-8
[2026-03-09 14:26:45]   adam-group-step-norms: full=1.6e-5 net=1.6e-5 mech=6.56e-10
[2026-03-09 14:28:57] Stage2 epoch 17 train=6.208e-5
[2026-03-09 14:28:57]   grad_norm=9.14e-5 lr=4.51e-5
[2026-03-09 14:28:57]   lr_groups(eqv): p_net=9.03e-6 mech_raw=4.51e-5 | base=4.51e-5
[2026-03-09 14:28:57]   grad_groups(raw): p_net=0.000457 mech_raw=0.0
[2026-03-09 14:28:57]   grad_norm_raw=0.000457 grad_norm_scaled=9.14e-5 | scale[p_net=0.2, mech_raw=1.0]
[2026-03-09 14:28:57]   parts: state=5.42e-5 x2dot=7.85e-6 x3r=None cont=None l2=None
[2026-03-09 14:28:57]   rec: x1=1.5% x3=43.69%
[2026-03-09 14:28:57]   nn: F_hertz err=101.22%
[2026-03-09 14:28:57]   nn raw: min=-1.08e-6 max=9.29e-6 span=1.04e-5 mean=1.35e-6 neg=41.65%
[2026-03-09 14:28:57]   mech: ks=0.171 (err=71.05%) cs=3.19e-7 (err=32.8%)
[2026-03-09 14:29:01]   adam-vs-raw: dL_adam=9.51e-7 dL_raw=8.95e-7 | step_norm_adam=3.01e-5 step_norm_raw=3.01e-5
[2026-03-09 14:29:01]   adam-vs-raw terms: adam[t1=-1.37e-8, t2=9.64e-7] raw[t1=-1.37e-8, t2=9.09e-7]
[2026-03-09 14:29:09]   mech-grad AD(raw): [1]=0.0000000000000000e+00 [2]=0.0000000000000000e+00
[2026-03-09 14:29:09]   mech-grad FD(raw): [1]=-2.6496631342268762e-02 [2]=-5.0312602851465132e-03 | h=[3.3701176411227080e-06, 2.8576452248365341e-06]
[2026-03-09 14:29:09]   mech-bound slope dp/draw: ks=1.6052662409144927e-01 cs=2.5413467992505653e-07
[2026-03-09 14:29:09]   mech-grad AD-FD diff(raw): [1]=2.6496631342268762e-02 [2]=5.0312602851465132e-03
[2026-03-09 14:29:14]   adam-group-probe: dL_full=9.51e-7 dL_net=8.71e-7 dL_mech=-1.27e-9 cross=8.09e-8
[2026-03-09 14:29:14]   adam-group-step-norms: full=3.01e-5 net=3.01e-5 mech=1.06e-9
[2026-03-09 14:29:16]   step-guard retry 1/6 -- reason=step_trial_loss_jump | lr=8.44e-6 | scale[p_net=0.2, mech_raw=1.0]
[2026-03-09 14:29:18]   step-guard: accepted after 1 retry/reduction(s) | lr=8.44e-6 | trial_loss=6.243e-5
[2026-03-09 14:31:21] Stage2 epoch 18 train=6.243e-5
[2026-03-09 14:31:21]   grad_norm=9.21e-5 lr=8.44e-6
[2026-03-09 14:31:21]   lr_groups(eqv): p_net=1.69e-6 mech_raw=8.44e-6 | base=8.44e-6
[2026-03-09 14:31:21]   grad_groups(raw): p_net=0.000461 mech_raw=0.0
[2026-03-09 14:31:21]   grad_norm_raw=0.000461 grad_norm_scaled=9.21e-5 | scale[p_net=0.2, mech_raw=1.0]
[2026-03-09 14:31:21]   parts: state=5.46e-5 x2dot=7.85e-6 x3r=None cont=None l2=None
[2026-03-09 14:31:21]   rec: x1=1.5% x3=43.72%
[2026-03-09 14:31:21]   nn: F_hertz err=101.12%
[2026-03-09 14:31:21]   nn raw: min=-1.06e-6 max=9.26e-6 span=1.03e-5 mean=1.36e-6 neg=41.37%
[2026-03-09 14:31:21]   mech: ks=0.171 (err=71.05%) cs=3.19e-7 (err=32.8%)
[2026-03-09 14:31:25]   adam-vs-raw: dL_adam=-2.91e-8 dL_raw=4.61e-8 | step_norm_adam=5.84e-6 step_norm_raw=5.84e-6
[2026-03-09 14:31:25]   adam-vs-raw terms: adam[t1=-2.69e-9, t2=-2.65e-8] raw[t1=-2.69e-9, t2=4.88e-8]
[2026-03-09 14:31:33]   mech-grad AD(raw): [1]=0.0000000000000000e+00 [2]=0.0000000000000000e+00
[2026-03-09 14:31:33]   mech-grad FD(raw): [1]=6.1912636504983932e-04 [2]=-5.4345154094530236e-03 | h=[3.3701176412635150e-06, 2.8576452249773410e-06]
[2026-03-09 14:31:33]   mech-bound slope dp/draw: ks=1.6052662407034879e-01 cs=2.5413467989315785e-07
[2026-03-09 14:31:33]   mech-grad AD-FD diff(raw): [1]=-6.1912636504983932e-04 [2]=5.4345154094530236e-03
[2026-03-09 14:31:37]   adam-group-probe: dL_full=-2.91e-8 dL_net=3.99e-8 dL_mech=3.32e-9 cross=-7.24e-8
[2026-03-09 14:31:37]   adam-group-step-norms: full=5.84e-6 net=5.84e-6 mech=1.79e-10
[2026-03-09 14:33:50] Stage2 epoch 19 train=6.271e-5
[2026-03-09 14:33:50]   grad_norm=9.28e-5 lr=1.64e-5
[2026-03-09 14:33:50]   lr_groups(eqv): p_net=3.28e-6 mech_raw=1.64e-5 | base=1.64e-5
[2026-03-09 14:33:50]   grad_groups(raw): p_net=0.000464 mech_raw=0.0
[2026-03-09 14:33:50]   grad_norm_raw=0.000464 grad_norm_scaled=9.28e-5 | scale[p_net=0.2, mech_raw=1.0]
[2026-03-09 14:33:50]   parts: state=5.49e-5 x2dot=7.81e-6 x3r=None cont=None l2=None
[2026-03-09 14:33:50]   rec: x1=1.51% x3=43.77%
[2026-03-09 14:33:50]   nn: F_hertz err=100.92%
[2026-03-09 14:33:50]   nn raw: min=-1.03e-6 max=9.2e-6 span=1.02e-5 mean=1.37e-6 neg=40.77%
[2026-03-09 14:33:50]   mech: ks=0.171 (err=71.05%) cs=3.19e-7 (err=32.8%)
[2026-03-09 14:33:54]   adam-vs-raw: dL_adam=2.96e-7 dL_raw=2.53e-7 | step_norm_adam=1.17e-5 step_norm_raw=1.17e-5
[2026-03-09 14:33:54]   adam-vs-raw terms: adam[t1=-5.44e-9, t2=3.02e-7] raw[t1=-5.44e-9, t2=2.59e-7]
[2026-03-09 14:34:02]   mech-grad AD(raw): [1]=0.0000000000000000e+00 [2]=0.0000000000000000e+00
[2026-03-09 14:34:02]   mech-grad FD(raw): [1]=1.8136316124769274e-02 [2]=3.3837074716959369e-02 | h=[3.3701176415095311e-06, 2.8576452252233571e-06]
[2026-03-09 14:34:02]   mech-bound slope dp/draw: ks=1.6052662403348228e-01 cs=2.5413467983742483e-07
[2026-03-09 14:34:02]   mech-grad AD-FD diff(raw): [1]=-1.8136316124769274e-02 [2]=-3.3837074716959369e-02
[2026-03-09 14:34:06]   adam-group-probe: dL_full=2.96e-7 dL_net=3.26e-7 dL_mech=-2.27e-8 cross=-7.56e-9
[2026-03-09 14:34:06]   adam-group-step-norms: full=1.17e-5 net=1.17e-5 mech=3.13e-10
[2026-03-09 14:36:15] Stage2 epoch 20 train=6.346e-5
[2026-03-09 14:36:15]   grad_norm=9.43e-5 lr=3.3e-5
[2026-03-09 14:36:15]   lr_groups(eqv): p_net=6.6e-6 mech_raw=3.3e-5 | base=3.3e-5
[2026-03-09 14:36:15]   grad_groups(raw): p_net=0.000472 mech_raw=0.0
[2026-03-09 14:36:15]   grad_norm_raw=0.000472 grad_norm_scaled=9.43e-5 | scale[p_net=0.2, mech_raw=1.0]
[2026-03-09 14:36:15]   parts: state=5.57e-5 x2dot=7.75e-6 x3r=None cont=None l2=None
[2026-03-09 14:36:15]   rec: x1=1.52% x3=43.89%
[2026-03-09 14:36:15]   nn: F_hertz err=100.51%
[2026-03-09 14:36:15]   nn raw: min=-9.73e-7 max=9.07e-6 span=1.0e-5 mean=1.4e-6 neg=39.41%
[2026-03-09 14:36:15]   mech: ks=0.171 (err=71.05%) cs=3.19e-7 (err=32.8%)
[2026-03-09 14:36:19]   adam-vs-raw: dL_adam=1.01e-6 dL_raw=8.85e-7 | step_norm_adam=2.44e-5 step_norm_raw=2.44e-5
[2026-03-09 14:36:19]   adam-vs-raw terms: adam[t1=-1.15e-8, t2=1.02e-6] raw[t1=-1.15e-8, t2=8.96e-7]
[2026-03-09 14:36:27]   mech-grad AD(raw): [1]=0.0000000000000000e+00 [2]=0.0000000000000000e+00
[2026-03-09 14:36:27]   mech-grad FD(raw): [1]=8.6198934492545253e-05 [2]=-1.3996583419175207e-02 | h=[3.3701176419554875e-06, 2.8576452256693136e-06]
[2026-03-09 14:36:27]   mech-bound slope dp/draw: ks=1.6052662396665393e-01 cs=2.5413467973639699e-07
[2026-03-09 14:36:27]   mech-grad AD-FD diff(raw): [1]=-8.6198934492545253e-05 [2]=1.3996583419175207e-02
[2026-03-09 14:36:31]   adam-group-probe: dL_full=1.01e-6 dL_net=8.63e-7 dL_mech=-4.15e-8 cross=1.89e-7
[2026-03-09 14:36:31]   adam-group-step-norms: full=2.44e-5 net=2.44e-5 mech=5.68e-10
[2026-03-09 14:36:33]   step-guard retry 1/6 -- reason=step_trial_loss_jump | lr=6.9e-6 | scale[p_net=0.2, mech_raw=1.0]
[2026-03-09 14:36:35]   step-guard: accepted after 1 retry/reduction(s) | lr=6.9e-6 | trial_loss=6.367e-5
[2026-03-09 14:38:44] Stage2 epoch 21 train=6.367e-5
[2026-03-09 14:38:44]   grad_norm=9.47e-5 lr=6.9e-6
[2026-03-09 14:38:44]   lr_groups(eqv): p_net=1.38e-6 mech_raw=6.9e-6 | base=6.9e-6
[2026-03-09 14:38:44]   grad_groups(raw): p_net=0.000473 mech_raw=0.0
[2026-03-09 14:38:44]   grad_norm_raw=0.000473 grad_norm_scaled=9.47e-5 | scale[p_net=0.2, mech_raw=1.0]
[2026-03-09 14:38:44]   parts: state=5.59e-5 x2dot=7.74e-6 x3r=None cont=None l2=None
[2026-03-09 14:38:44]   rec: x1=1.52% x3=43.91%
[2026-03-09 14:38:44]   nn: F_hertz err=100.42%
[2026-03-09 14:38:44]   nn raw: min=-9.6e-7 max=9.04e-6 span=1.0e-5 mean=1.41e-6 neg=39.12%
[2026-03-09 14:38:44]   mech: ks=0.171 (err=71.05%) cs=3.19e-7 (err=32.8%)
[2026-03-09 14:38:48]   adam-vs-raw: dL_adam=2.27e-7 dL_raw=3.24e-8 | step_norm_adam=5.24e-6 step_norm_raw=5.24e-6
[2026-03-09 14:38:48]   adam-vs-raw terms: adam[t1=-2.48e-9, t2=2.3e-7] raw[t1=-2.48e-9, t2=3.49e-8]
[2026-03-09 14:38:57]   mech-grad AD(raw): [1]=0.0000000000000000e+00 [2]=0.0000000000000000e+00
[2026-03-09 14:38:57]   mech-grad FD(raw): [1]=-1.3618349522272410e-03 [2]=-1.2602534214859525e-02 | h=[3.3701176420393582e-06, 2.8576452257531838e-06]
[2026-03-09 14:38:57]   mech-bound slope dp/draw: ks=1.6052662395408565e-01 cs=2.5413467971739677e-07
[2026-03-09 14:38:57]   mech-grad AD-FD diff(raw): [1]=1.3618349522272410e-03 [2]=1.2602534214859525e-02
[2026-03-09 14:39:01]   adam-group-probe: dL_full=2.27e-7 dL_net=6.65e-8 dL_mech=-8.47e-8 cross=2.45e-7
[2026-03-09 14:39:01]   adam-group-step-norms: full=5.24e-6 net=5.24e-6 mech=1.07e-10
[2026-03-09 14:41:20] Stage2 epoch 22 train=6.41e-5
[2026-03-09 14:41:20]   grad_norm=9.57e-5 lr=1.5e-5
[2026-03-09 14:41:20]   lr_groups(eqv): p_net=2.99e-6 mech_raw=1.5e-5 | base=1.5e-5
[2026-03-09 14:41:20]   grad_groups(raw): p_net=0.000478 mech_raw=0.0
[2026-03-09 14:41:20]   grad_norm_raw=0.000478 grad_norm_scaled=9.57e-5 | scale[p_net=0.2, mech_raw=1.0]
[2026-03-09 14:41:20]   parts: state=5.64e-5 x2dot=7.73e-6 x3r=None cont=None l2=None
[2026-03-09 14:41:20]   rec: x1=1.53% x3=43.97%
[2026-03-09 14:41:20]   nn: F_hertz err=100.23%
[2026-03-09 14:41:20]   nn raw: min=-9.32e-7 max=8.98e-6 span=9.91e-6 mean=1.42e-6 neg=38.5%
[2026-03-09 14:41:20]   mech: ks=0.171 (err=71.05%) cs=3.19e-7 (err=32.8%)
[2026-03-09 14:41:24]   adam-vs-raw: dL_adam=3.59e-7 dL_raw=3.73e-7 | step_norm_adam=1.16e-5 step_norm_raw=1.16e-5
[2026-03-09 14:41:24]   adam-vs-raw terms: adam[t1=-5.57e-9, t2=3.65e-7] raw[t1=-5.57e-9, t2=3.79e-7]
[2026-03-09 14:41:32]   mech-grad AD(raw): [1]=0.0000000000000000e+00 [2]=0.0000000000000000e+00
[2026-03-09 14:41:32]   mech-grad FD(raw): [1]=1.9638182610237188e-02 [2]=-9.1180547644079159e-03 | h=[3.3701176422030037e-06, 2.8576452259168293e-06]
[2026-03-09 14:41:32]   mech-bound slope dp/draw: ks=1.6052662392956268e-01 cs=2.5413467968032426e-07
[2026-03-09 14:41:32]   mech-grad AD-FD diff(raw): [1]=-1.9638182610237188e-02 [2]=9.1180547644079159e-03
[2026-03-09 14:41:36]   adam-group-probe: dL_full=3.59e-7 dL_net=3.78e-7 dL_mech=-4.83e-9 cross=-1.4e-8
[2026-03-09 14:41:36]   adam-group-step-norms: full=1.16e-5 net=1.16e-5 mech=2.08e-10
[2026-03-09 14:44:00] Stage2 epoch 23 train=6.5e-5
[2026-03-09 14:44:00]   grad_norm=9.72e-5 lr=3.36e-5
[2026-03-09 14:44:00]   lr_groups(eqv): p_net=6.73e-6 mech_raw=3.36e-5 | base=3.36e-5
[2026-03-09 14:44:00]   grad_groups(raw): p_net=0.000486 mech_raw=0.0
[2026-03-09 14:44:00]   grad_norm_raw=0.000486 grad_norm_scaled=9.72e-5 | scale[p_net=0.2, mech_raw=1.0]
[2026-03-09 14:44:00]   parts: state=5.73e-5 x2dot=7.68e-6 x3r=None cont=None l2=None
[2026-03-09 14:44:00]   rec: x1=1.54% x3=44.09%
[2026-03-09 14:44:00]   nn: F_hertz err=99.8%
[2026-03-09 14:44:00]   nn raw: min=-8.68e-7 max=8.83e-6 span=9.7e-6 mean=1.45e-6 neg=37.06%
[2026-03-09 14:44:00]   mech: ks=0.171 (err=71.05%) cs=3.19e-7 (err=32.8%)
[2026-03-09 14:44:05]   adam-vs-raw: dL_adam=1.41e-6 dL_raw=1.38e-6 | step_norm_adam=2.68e-5 step_norm_raw=2.68e-5
[2026-03-09 14:44:05]   adam-vs-raw terms: adam[t1=-1.31e-8, t2=1.42e-6] raw[t1=-1.31e-8, t2=1.4e-6]
[2026-03-09 14:44:13]   mech-grad AD(raw): [1]=0.0000000000000000e+00 [2]=0.0000000000000000e+00
[2026-03-09 14:44:13]   mech-grad FD(raw): [1]=4.3213055084599580e-04 [2]=1.5678584806679514e-02 | h=[3.3701176425342711e-06, 2.8576452262480967e-06]
[2026-03-09 14:44:13]   mech-bound slope dp/draw: ks=1.6052662387992092e-01 cs=2.5413467960527825e-07
[2026-03-09 14:44:13]   mech-grad AD-FD diff(raw): [1]=-4.3213055084599580e-04 [2]=-1.5678584806679514e-02
[2026-03-09 14:44:17]   adam-group-probe: dL_full=1.41e-6 dL_net=1.26e-6 dL_mech=1.76e-7 cross=-2.41e-8
[2026-03-09 14:44:17]   adam-group-step-norms: full=2.68e-5 net=2.68e-5 mech=4.22e-10
[2026-03-09 14:44:19]   step-guard retry 1/6 -- reason=step_trial_loss_jump | lr=7.85e-6 | scale[p_net=0.2, mech_raw=1.0]
[2026-03-09 14:44:21]   step-guard: accepted after 1 retry/reduction(s) | lr=7.85e-6 | trial_loss=6.525e-5
[2026-03-09 14:46:35] Stage2 epoch 24 train=6.525e-5
[2026-03-09 14:46:35]   grad_norm=9.78e-5 lr=7.85e-6
[2026-03-09 14:46:35]   lr_groups(eqv): p_net=1.57e-6 mech_raw=7.85e-6 | base=7.85e-6
[2026-03-09 14:46:35]   grad_groups(raw): p_net=0.000489 mech_raw=0.0
[2026-03-09 14:46:35]   grad_norm_raw=0.000489 grad_norm_scaled=9.78e-5 | scale[p_net=0.2, mech_raw=1.0]
[2026-03-09 14:46:35]   parts: state=5.76e-5 x2dot=7.68e-6 x3r=None cont=None l2=None
[2026-03-09 14:46:35]   rec: x1=1.54% x3=44.12%
[2026-03-09 14:46:35]   nn: F_hertz err=99.7%
[2026-03-09 14:46:35]   nn raw: min=-8.53e-7 max=8.79e-6 span=9.65e-6 mean=1.46e-6 neg=36.75%
[2026-03-09 14:46:35]   mech: ks=0.171 (err=71.05%) cs=3.19e-7 (err=32.8%)
[2026-03-09 14:46:39]   adam-vs-raw: dL_adam=4.15e-7 dL_raw=4.74e-7 | step_norm_adam=6.41e-6 step_norm_raw=6.41e-6
[2026-03-09 14:46:39]   adam-vs-raw terms: adam[t1=-3.13e-9, t2=4.18e-7] raw[t1=-3.13e-9, t2=4.77e-7]
[2026-03-09 14:46:47]   mech-grad AD(raw): [1]=0.0000000000000000e+00 [2]=0.0000000000000000e+00
[2026-03-09 14:46:47]   mech-grad FD(raw): [1]=-4.6026415686895590e-02 [2]=-6.0246713335374144e-04 | h=[3.3701176426038421e-06, 2.8576452263176678e-06]
[2026-03-09 14:46:47]   mech-bound slope dp/draw: ks=1.6052662386949543e-01 cs=2.5413467958951751e-07
[2026-03-09 14:46:47]   mech-grad AD-FD diff(raw): [1]=4.6026415686895590e-02 [2]=6.0246713335374144e-04
[2026-03-09 14:46:51]   adam-group-probe: dL_full=4.15e-7 dL_net=4.79e-7 dL_mech=6.7e-8 cross=-1.32e-7
[2026-03-09 14:46:51]   adam-group-step-norms: full=6.41e-6 net=6.41e-6 mech=8.85e-11
[2026-03-09 14:49:00] Stage2 epoch 25 train=6.618e-5
[2026-03-09 14:49:00]   grad_norm=9.92e-5 lr=1.9e-5
[2026-03-09 14:49:00]   lr_groups(eqv): p_net=3.8e-6 mech_raw=1.9e-5 | base=1.9e-5
[2026-03-09 14:49:00]   grad_groups(raw): p_net=0.000496 mech_raw=0.0
[2026-03-09 14:49:00]   grad_norm_raw=0.000496 grad_norm_scaled=9.92e-5 | scale[p_net=0.2, mech_raw=1.0]
[2026-03-09 14:49:00]   parts: state=5.85e-5 x2dot=7.71e-6 x3r=None cont=None l2=None
[2026-03-09 14:49:00]   rec: x1=1.55% x3=44.2%
[2026-03-09 14:49:00]   nn: F_hertz err=99.45%
[2026-03-09 14:49:00]   nn raw: min=-8.17e-7 max=8.71e-6 span=9.52e-6 mean=1.48e-6 neg=35.88%
[2026-03-09 14:49:00]   mech: ks=0.171 (err=71.05%) cs=3.19e-7 (err=32.8%)
[2026-03-09 14:49:05]   adam-vs-raw: dL_adam=5.74e-7 dL_raw=5.33e-7 | step_norm_adam=1.58e-5 step_norm_raw=1.58e-5
[2026-03-09 14:49:05]   adam-vs-raw terms: adam[t1=-7.86e-9, t2=5.82e-7] raw[t1=-7.86e-9, t2=5.41e-7]
[2026-03-09 14:49:13]   mech-grad AD(raw): [1]=0.0000000000000000e+00 [2]=0.0000000000000000e+00
[2026-03-09 14:49:13]   mech-grad FD(raw): [1]=1.1772280010375304e-02 [2]=-1.2586556601498189e-02 | h=[3.3701176427554229e-06, 2.8576452264692490e-06]
[2026-03-09 14:49:13]   mech-bound slope dp/draw: ks=1.6052662384678043e-01 cs=2.5413467955517800e-07
[2026-03-09 14:49:13]   mech-grad AD-FD diff(raw): [1]=-1.1772280010375304e-02 [2]=1.2586556601498189e-02
[2026-03-09 14:49:17]   adam-group-probe: dL_full=5.74e-7 dL_net=5.98e-7 dL_mech=-3.56e-8 cross=1.22e-8
[2026-03-09 14:49:17]   adam-group-step-norms: full=1.58e-5 net=1.58e-5 mech=1.93e-10
[2026-03-09 14:49:19]   step-guard retry 1/6 -- reason=step_trial_loss_jump | lr=4.77e-6 | scale[p_net=0.2, mech_raw=1.0]
[2026-03-09 14:49:21]   step-guard: accepted after 1 retry/reduction(s) | lr=4.77e-6 | trial_loss=6.618e-5
[2026-03-09 14:51:31] Stage2 epoch 26 train=6.618e-5
[2026-03-09 14:51:31]   grad_norm=9.92e-5 lr=4.77e-6
[2026-03-09 14:51:31]   lr_groups(eqv): p_net=9.55e-7 mech_raw=4.77e-6 | base=4.77e-6
[2026-03-09 14:51:31]   grad_groups(raw): p_net=0.000496 mech_raw=0.0
[2026-03-09 14:51:31]   grad_norm_raw=0.000496 grad_norm_scaled=9.92e-5 | scale[p_net=0.2, mech_raw=1.0]
[2026-03-09 14:51:31]   parts: state=5.85e-5 x2dot=7.68e-6 x3r=None cont=None l2=None
[2026-03-09 14:51:31]   rec: x1=1.55% x3=44.21%
[2026-03-09 14:51:31]   nn: F_hertz err=99.38%
[2026-03-09 14:51:31]   nn raw: min=-8.07e-7 max=8.69e-6 span=9.49e-6 mean=1.49e-6 neg=35.68%
[2026-03-09 14:51:31]   mech: ks=0.171 (err=71.05%) cs=3.19e-7 (err=32.8%)
[2026-03-09 14:51:35]   adam-vs-raw: dL_adam=3.36e-7 dL_raw=2.37e-7 | step_norm_adam=4.05e-6 step_norm_raw=4.05e-6
[2026-03-09 14:51:35]   adam-vs-raw terms: adam[t1=-2.01e-9, t2=3.38e-7] raw[t1=-2.01e-9, t2=2.39e-7]
[2026-03-09 14:51:43]   mech-grad AD(raw): [1]=0.0000000000000000e+00 [2]=0.0000000000000000e+00
[2026-03-09 14:51:43]   mech-grad FD(raw): [1]=-4.5611268608633862e-03 [2]=1.8183640561285092e-02 | h=[3.3701176427896858e-06, 2.8576452265035114e-06]
[2026-03-09 14:51:43]   mech-bound slope dp/draw: ks=1.6052662384164601e-01 cs=2.5413467954741605e-07
[2026-03-09 14:51:43]   mech-grad AD-FD diff(raw): [1]=4.5611268608633862e-03 [2]=-1.8183640561285092e-02
[2026-03-09 14:51:47]   adam-group-probe: dL_full=3.36e-7 dL_net=2.32e-7 dL_mech=6.15e-8 cross=4.26e-8
[2026-03-09 14:51:47]   adam-group-step-norms: full=4.05e-6 net=4.05e-6 mech=4.36e-11
[2026-03-09 14:54:30] Stage2 epoch 27 train=6.69e-5
[2026-03-09 14:54:30]   grad_norm=0.0001 lr=1.24e-5
[2026-03-09 14:54:30]   lr_groups(eqv): p_net=2.49e-6 mech_raw=1.24e-5 | base=1.24e-5
[2026-03-09 14:54:30]   grad_groups(raw): p_net=0.000501 mech_raw=0.0
[2026-03-09 14:54:30]   grad_norm_raw=0.000501 grad_norm_scaled=0.0001 | scale[p_net=0.2, mech_raw=1.0]
[2026-03-09 14:54:30]   parts: state=5.92e-5 x2dot=7.71e-6 x3r=None cont=None l2=None
[2026-03-09 14:54:30]   rec: x1=1.56% x3=44.26%
[2026-03-09 14:54:30]   nn: F_hertz err=99.22%
[2026-03-09 14:54:30]   nn raw: min=-7.83e-7 max=8.63e-6 span=9.41e-6 mean=1.5e-6 neg=35.09%
[2026-03-09 14:54:30]   mech: ks=0.171 (err=71.05%) cs=3.19e-7 (err=32.8%)
[2026-03-09 14:54:34]   adam-vs-raw: dL_adam=2.06e-7 dL_raw=4.21e-7 | step_norm_adam=1.08e-5 step_norm_raw=1.08e-5
[2026-03-09 14:54:34]   adam-vs-raw terms: adam[t1=-5.38e-9, t2=2.12e-7] raw[t1=-5.38e-9, t2=4.26e-7]
[2026-03-09 14:54:43]   mech-grad AD(raw): [1]=0.0000000000000000e+00 [2]=0.0000000000000000e+00
[2026-03-09 14:54:43]   mech-grad FD(raw): [1]=6.9515430860795091e-03 [2]=-3.9203749439654136e-03 | h=[3.3701176428700311e-06, 2.8576452265838572e-06]
[2026-03-09 14:54:43]   mech-bound slope dp/draw: ks=1.6052662382960592e-01 cs=2.5413467952921443e-07
[2026-03-09 14:54:43]   mech-grad AD-FD diff(raw): [1]=-6.9515430860795091e-03 [2]=3.9203749439654136e-03
[2026-03-09 14:54:47]   adam-group-probe: dL_full=2.06e-7 dL_net=3.59e-7 dL_mech=-7.54e-9 cross=-1.45e-7
[2026-03-09 14:54:47]   adam-group-step-norms: full=1.08e-5 net=1.08e-5 mech=1.02e-10
[2026-03-09 14:54:49]   step-guard retry 1/6 -- reason=step_trial_loss_jump | lr=3.36e-6 | scale[p_net=0.2, mech_raw=1.0]
[2026-03-09 14:54:51]   step-guard: accepted after 1 retry/reduction(s) | lr=3.36e-6 | trial_loss=6.7e-5
[2026-03-09 14:56:59] Stage2 epoch 28 train=6.7e-5
[2026-03-09 14:56:59]   grad_norm=0.0001 lr=3.36e-6
[2026-03-09 14:56:59]   lr_groups(eqv): p_net=6.72e-7 mech_raw=3.36e-6 | base=3.36e-6
[2026-03-09 14:56:59]   grad_groups(raw): p_net=0.000501 mech_raw=0.0
[2026-03-09 14:56:59]   grad_norm_raw=0.000501 grad_norm_scaled=0.0001 | scale[p_net=0.2, mech_raw=1.0]
[2026-03-09 14:56:59]   parts: state=5.93e-5 x2dot=7.71e-6 x3r=None cont=None l2=None
[2026-03-09 14:56:59]   rec: x1=1.57% x3=44.28%
[2026-03-09 14:56:59]   nn: F_hertz err=99.17%
[2026-03-09 14:56:59]   nn raw: min=-7.77e-7 max=8.61e-6 span=9.39e-6 mean=1.5e-6 neg=34.97%
[2026-03-09 14:56:59]   mech: ks=0.171 (err=71.05%) cs=3.19e-7 (err=32.8%)
[2026-03-09 14:57:03]   adam-vs-raw: dL_adam=1.41e-7 dL_raw=1.82e-7 | step_norm_adam=2.95e-6 step_norm_raw=2.95e-6
[2026-03-09 14:57:03]   adam-vs-raw terms: adam[t1=-1.48e-9, t2=1.43e-7] raw[t1=-1.48e-9, t2=1.83e-7]
[2026-03-09 14:57:11]   mech-grad AD(raw): [1]=0.0000000000000000e+00 [2]=0.0000000000000000e+00
[2026-03-09 14:57:11]   mech-grad FD(raw): [1]=1.3162132849321266e-02 [2]=-8.6412924468039741e-03 | h=[3.3701176428895768e-06, 2.8576452266034029e-06]
[2026-03-09 14:57:11]   mech-bound slope dp/draw: ks=1.6052662382667690e-01 cs=2.5413467952478651e-07
[2026-03-09 14:57:11]   mech-grad AD-FD diff(raw): [1]=-1.3162132849321266e-02 [2]=8.6412924468039741e-03
[2026-03-09 14:57:15]   adam-group-probe: dL_full=1.41e-7 dL_net=7.43e-8 dL_mech=-1.6e-7 cross=2.27e-7
[2026-03-09 14:57:15]   adam-group-step-norms: full=2.95e-6 net=2.95e-6 mech=2.49e-11
[2026-03-09 14:59:58] Stage2 epoch 29 train=6.727e-5
[2026-03-09 14:59:58]   grad_norm=0.000101 lr=9.43e-6
[2026-03-09 14:59:58]   lr_groups(eqv): p_net=1.89e-6 mech_raw=9.43e-6 | base=9.43e-6
[2026-03-09 14:59:58]   grad_groups(raw): p_net=0.000504 mech_raw=0.0
[2026-03-09 14:59:58]   grad_norm_raw=0.000504 grad_norm_scaled=0.000101 | scale[p_net=0.2, mech_raw=1.0]
[2026-03-09 14:59:58]   parts: state=5.96e-5 x2dot=7.7e-6 x3r=None cont=None l2=None
[2026-03-09 14:59:58]   rec: x1=1.57% x3=44.32%
[2026-03-09 14:59:58]   nn: F_hertz err=99.04%
[2026-03-09 14:59:58]   nn raw: min=-7.58e-7 max=8.56e-6 span=9.32e-6 mean=1.51e-6 neg=34.49%
[2026-03-09 14:59:58]   mech: ks=0.171 (err=71.05%) cs=3.19e-7 (err=32.8%)
[2026-03-09 15:00:02]   adam-vs-raw: dL_adam=4.44e-7 dL_raw=4.76e-7 | step_norm_adam=8.4e-6 step_norm_raw=8.4e-6
[2026-03-09 15:00:02]   adam-vs-raw terms: adam[t1=-4.23e-9, t2=4.48e-7] raw[t1=-4.23e-9, t2=4.81e-7]
[2026-03-09 15:00:11]   mech-grad AD(raw): [1]=0.0000000000000000e+00 [2]=0.0000000000000000e+00
[2026-03-09 15:00:11]   mech-grad FD(raw): [1]=-2.0061078712268626e-02 [2]=1.2324063351182052e-02 | h=[3.3701176429389034e-06, 2.8576452266527290e-06]
[2026-03-09 15:00:11]   mech-bound slope dp/draw: ks=1.6052662381928517e-01 cs=2.5413467951361203e-07
[2026-03-09 15:00:11]   mech-grad AD-FD diff(raw): [1]=2.0061078712268626e-02 [2]=-1.2324063351182052e-02
[2026-03-09 15:00:15]   adam-group-probe: dL_full=4.44e-7 dL_net=4.66e-7 dL_mech=-5.49e-8 cross=3.29e-8
[2026-03-09 15:00:15]   adam-group-step-norms: full=8.4e-6 net=8.4e-6 mech=6.28e-11
[2026-03-09 15:00:17]   step-guard retry 1/6 -- reason=step_trial_loss_jump | lr=2.74e-6 | scale[p_net=0.2, mech_raw=1.0]
[2026-03-09 15:00:19]   step-guard: accepted after 1 retry/reduction(s) | lr=2.74e-6 | trial_loss=6.743e-5
[2026-03-09 15:02:27] Stage2 epoch 30 train=6.743e-5
[2026-03-09 15:02:27]   grad_norm=0.000101 lr=2.74e-6
[2026-03-09 15:02:27]   lr_groups(eqv): p_net=5.48e-7 mech_raw=2.74e-6 | base=2.74e-6
[2026-03-09 15:02:27]   grad_groups(raw): p_net=0.000504 mech_raw=0.0
[2026-03-09 15:02:27]   grad_norm_raw=0.000504 grad_norm_scaled=0.000101 | scale[p_net=0.2, mech_raw=1.0]
[2026-03-09 15:02:27]   parts: state=5.97e-5 x2dot=7.7e-6 x3r=None cont=None l2=None
[2026-03-09 15:02:27]   rec: x1=1.57% x3=44.33%
[2026-03-09 15:02:27]   nn: F_hertz err=99.0%
[2026-03-09 15:02:27]   nn raw: min=-7.52e-7 max=8.55e-6 span=9.3e-6 mean=1.52e-6 neg=34.41%
[2026-03-09 15:02:27]   mech: ks=0.171 (err=71.05%) cs=3.19e-7 (err=32.8%)
[2026-03-09 15:02:32]   adam-vs-raw: dL_adam=1.33e-8 dL_raw=9.23e-8 | step_norm_adam=2.48e-6 step_norm_raw=2.48e-6
[2026-03-09 15:02:32]   adam-vs-raw terms: adam[t1=-1.25e-9, t2=1.45e-8] raw[t1=-1.25e-9, t2=9.36e-8]
[2026-03-09 15:02:40]   mech-grad AD(raw): [1]=0.0000000000000000e+00 [2]=0.0000000000000000e+00
[2026-03-09 15:02:40]   mech-grad FD(raw): [1]=4.5246515405431408e-03 [2]=-5.8514765207190603e-03 | h=[3.3701176429518164e-06, 2.8576452266656424e-06]
[2026-03-09 15:02:40]   mech-bound slope dp/draw: ks=1.6052662381735006e-01 cs=2.5413467951068664e-07
[2026-03-09 15:02:40]   mech-grad AD-FD diff(raw): [1]=-4.5246515405431408e-03 [2]=5.8514765207190603e-03
[2026-03-09 15:02:44]   adam-group-probe: dL_full=1.33e-8 dL_net=6.3e-8 dL_mech=-6.66e-9 cross=-4.31e-8
[2026-03-09 15:02:44]   adam-group-step-norms: full=2.48e-6 net=2.48e-6 mech=1.64e-11
[2026-03-09 15:04:59] Stage2 epoch 31 train=6.782e-5
[2026-03-09 15:04:59]   grad_norm=0.000101 lr=8.27e-6
[2026-03-09 15:04:59]   lr_groups(eqv): p_net=1.65e-6 mech_raw=8.27e-6 | base=8.27e-6
[2026-03-09 15:04:59]   grad_groups(raw): p_net=0.000507 mech_raw=0.0
[2026-03-09 15:04:59]   grad_norm_raw=0.000507 grad_norm_scaled=0.000101 | scale[p_net=0.2, mech_raw=1.0]
[2026-03-09 15:04:59]   parts: state=6.01e-5 x2dot=7.71e-6 x3r=None cont=None l2=None
[2026-03-09 15:04:59]   rec: x1=1.58% x3=44.37%
[2026-03-09 15:04:59]   nn: F_hertz err=98.89%
[2026-03-09 15:04:59]   nn raw: min=-7.36e-7 max=8.51e-6 span=9.24e-6 mean=1.53e-6 neg=33.96%
[2026-03-09 15:04:59]   mech: ks=0.171 (err=71.05%) cs=3.19e-7 (err=32.8%)
[2026-03-09 15:05:03]   adam-vs-raw: dL_adam=2.81e-7 dL_raw=2.11e-7 | step_norm_adam=7.56e-6 step_norm_raw=7.56e-6
[2026-03-09 15:05:03]   adam-vs-raw terms: adam[t1=-3.83e-9, t2=2.85e-7] raw[t1=-3.83e-9, t2=2.15e-7]
[2026-03-09 15:05:11]   mech-grad AD(raw): [1]=0.0000000000000000e+00 [2]=0.0000000000000000e+00
[2026-03-09 15:05:11]   mech-grad FD(raw): [1]=-9.0508183130225423e-03 [2]=-2.4049266284761280e-02 | h=[3.3701176429868857e-06, 2.8576452267007117e-06]
[2026-03-09 15:05:11]   mech-bound slope dp/draw: ks=1.6052662381209482e-01 cs=2.5413467950274200e-07
[2026-03-09 15:05:11]   mech-grad AD-FD diff(raw): [1]=9.0508183130225423e-03 [2]=2.4049266284761280e-02
[2026-03-09 15:05:15]   adam-group-probe: dL_full=2.81e-7 dL_net=3.24e-7 dL_mech=-9.84e-8 cross=5.49e-8
[2026-03-09 15:05:15]   adam-group-step-norms: full=7.56e-6 net=7.56e-6 mech=4.46e-11
[2026-03-09 15:05:17]   step-guard retry 1/6 -- reason=step_trial_loss_jump | lr=2.59e-6 | scale[p_net=0.2, mech_raw=1.0]
[2026-03-09 15:05:20]   step-guard: accepted after 1 retry/reduction(s) | lr=2.59e-6 | trial_loss=6.783e-5
[2026-03-09 15:07:29] Stage2 epoch 32 train=6.783e-5
[2026-03-09 15:07:29]   grad_norm=0.000101 lr=2.59e-6
[2026-03-09 15:07:29]   lr_groups(eqv): p_net=5.18e-7 mech_raw=2.59e-6 | base=2.59e-6
[2026-03-09 15:07:29]   grad_groups(raw): p_net=0.000507 mech_raw=0.0
[2026-03-09 15:07:29]   grad_norm_raw=0.000507 grad_norm_scaled=0.000101 | scale[p_net=0.2, mech_raw=1.0]
[2026-03-09 15:07:29]   parts: state=6.01e-5 x2dot=7.7e-6 x3r=None cont=None l2=None
[2026-03-09 15:07:29]   rec: x1=1.58% x3=44.38%
[2026-03-09 15:07:29]   nn: F_hertz err=98.85%
[2026-03-09 15:07:29]   nn raw: min=-7.31e-7 max=8.5e-6 span=9.23e-6 mean=1.53e-6 neg=33.85%
[2026-03-09 15:07:29]   mech: ks=0.171 (err=71.05%) cs=3.19e-7 (err=32.8%)
[2026-03-09 15:07:33]   adam-vs-raw: dL_adam=1.58e-7 dL_raw=-5.58e-8 | step_norm_adam=2.39e-6 step_norm_raw=2.39e-6
[2026-03-09 15:07:33]   adam-vs-raw terms: adam[t1=-1.21e-9, t2=1.59e-7] raw[t1=-1.21e-9, t2=-5.46e-8]
[2026-03-09 15:07:41]   mech-grad AD(raw): [1]=0.0000000000000000e+00 [2]=0.0000000000000000e+00
[2026-03-09 15:07:41]   mech-grad FD(raw): [1]=1.3616550109748264e-02 [2]=-1.2698700779387988e-02 | h=[3.3701176429967655e-06, 2.8576452267105911e-06]
[2026-03-09 15:07:41]   mech-bound slope dp/draw: ks=1.6052662381061431e-01 cs=2.5413467950050387e-07
[2026-03-09 15:07:41]   mech-grad AD-FD diff(raw): [1]=-1.3616550109748264e-02 [2]=1.2698700779387988e-02
[2026-03-09 15:07:45]   adam-group-probe: dL_full=1.58e-7 dL_net=1.04e-7 dL_mech=3.7e-8 cross=1.71e-8
[2026-03-09 15:07:45]   adam-group-step-norms: full=2.39e-6 net=2.39e-6 mech=1.26e-11
[2026-03-09 15:09:54] Stage2 epoch 33 train=6.818e-5
[2026-03-09 15:09:54]   grad_norm=0.000102 lr=8.41e-6
[2026-03-09 15:09:54]   lr_groups(eqv): p_net=1.68e-6 mech_raw=8.41e-6 | base=8.41e-6
[2026-03-09 15:09:54]   grad_groups(raw): p_net=0.000509 mech_raw=0.0
[2026-03-09 15:09:54]   grad_norm_raw=0.000509 grad_norm_scaled=0.000102 | scale[p_net=0.2, mech_raw=1.0]
[2026-03-09 15:09:54]   parts: state=6.05e-5 x2dot=7.71e-6 x3r=None cont=None l2=None
[2026-03-09 15:09:54]   rec: x1=1.58% x3=44.42%
[2026-03-09 15:09:54]   nn: F_hertz err=98.74%
[2026-03-09 15:09:54]   nn raw: min=-7.14e-7 max=8.45e-6 span=9.17e-6 mean=1.54e-6 neg=33.43%
[2026-03-09 15:09:54]   mech: ks=0.171 (err=71.05%) cs=3.19e-7 (err=32.8%)
[2026-03-09 15:09:59]   adam-vs-raw: dL_adam=4.32e-7 dL_raw=7.55e-7 | step_norm_adam=7.85e-6 step_norm_raw=7.85e-6
[2026-03-09 15:09:59]   adam-vs-raw terms: adam[t1=-4.0e-9, t2=4.36e-7] raw[t1=-4.0e-9, t2=7.59e-7]
[2026-03-09 15:10:07]   mech-grad AD(raw): [1]=0.0000000000000000e+00 [2]=0.0000000000000000e+00
[2026-03-09 15:10:07]   mech-grad FD(raw): [1]=-1.5740531060070385e-02 [2]=-5.5468706365926473e-03 | h=[3.3701176430256349e-06, 2.8576452267394605e-06]
[2026-03-09 15:10:07]   mech-bound slope dp/draw: ks=1.6052662380628810e-01 cs=2.5413467949396372e-07
[2026-03-09 15:10:07]   mech-grad AD-FD diff(raw): [1]=1.5740531060070385e-02 [2]=5.5468706365926473e-03
[2026-03-09 15:10:11]   adam-group-probe: dL_full=4.32e-7 dL_net=5.97e-7 dL_mech=3.65e-8 cross=-2.02e-7
[2026-03-09 15:10:11]   adam-group-step-norms: full=7.85e-6 net=7.85e-6 mech=3.67e-11
[2026-03-09 15:10:13]   step-guard retry 1/6 -- reason=step_trial_loss_jump | lr=2.83e-6 | scale[p_net=0.2, mech_raw=1.0]
[2026-03-09 15:10:15]   step-guard: accepted after 1 retry/reduction(s) | lr=2.83e-6 | trial_loss=6.835e-5
[2026-03-09 15:12:19] Stage2 epoch 34 train=6.835e-5
[2026-03-09 15:12:19]   grad_norm=0.000102 lr=2.83e-6
[2026-03-09 15:12:19]   lr_groups(eqv): p_net=5.66e-7 mech_raw=2.83e-6 | base=2.83e-6
[2026-03-09 15:12:19]   grad_groups(raw): p_net=0.00051 mech_raw=0.0
[2026-03-09 15:12:19]   grad_norm_raw=0.00051 grad_norm_scaled=0.000102 | scale[p_net=0.2, mech_raw=1.0]
[2026-03-09 15:12:19]   parts: state=6.06e-5 x2dot=7.72e-6 x3r=None cont=None l2=None
[2026-03-09 15:12:19]   rec: x1=1.58% x3=44.43%
[2026-03-09 15:12:19]   nn: F_hertz err=98.7%
[2026-03-09 15:12:19]   nn raw: min=-7.08e-7 max=8.44e-6 span=9.15e-6 mean=1.54e-6 neg=33.27%
[2026-03-09 15:12:19]   mech: ks=0.171 (err=71.05%) cs=3.19e-7 (err=32.8%)
[2026-03-09 15:12:23]   adam-vs-raw: dL_adam=2.7e-7 dL_raw=1.67e-7 | step_norm_adam=2.67e-6 step_norm_raw=2.67e-6
[2026-03-09 15:12:23]   adam-vs-raw terms: adam[t1=-1.36e-9, t2=2.72e-7] raw[t1=-1.36e-9, t2=1.68e-7]
[2026-03-09 15:12:32]   mech-grad AD(raw): [1]=0.0000000000000000e+00 [2]=0.0000000000000000e+00
[2026-03-09 15:12:32]   mech-grad FD(raw): [1]=-2.5419444310438685e-02 [2]=3.9620286156137396e-04 | h=[3.3701176430343856e-06, 2.8576452267482112e-06]
[2026-03-09 15:12:32]   mech-bound slope dp/draw: ks=1.6052662380497673e-01 cs=2.5413467949198129e-07
[2026-03-09 15:12:32]   mech-grad AD-FD diff(raw): [1]=2.5419444310438685e-02 [2]=-3.9620286156137396e-04
[2026-03-09 15:12:36]   adam-group-probe: dL_full=2.7e-7 dL_net=3.05e-7 dL_mech=-1.28e-8 cross=-2.23e-8
[2026-03-09 15:12:36]   adam-group-step-norms: full=2.67e-6 net=2.67e-6 mech=1.11e-11
[2026-03-09 15:14:47] Stage2 epoch 35 train=6.903e-5
[2026-03-09 15:14:47]   grad_norm=0.000103 lr=9.89e-6
[2026-03-09 15:14:47]   lr_groups(eqv): p_net=1.98e-6 mech_raw=9.89e-6 | base=9.89e-6
[2026-03-09 15:14:47]   grad_groups(raw): p_net=0.000515 mech_raw=0.0
[2026-03-09 15:14:47]   grad_norm_raw=0.000515 grad_norm_scaled=0.000103 | scale[p_net=0.2, mech_raw=1.0]
[2026-03-09 15:14:47]   parts: state=6.13e-5 x2dot=7.75e-6 x3r=None cont=None l2=None
[2026-03-09 15:14:47]   rec: x1=1.59% x3=44.47%
[2026-03-09 15:14:47]   nn: F_hertz err=98.56%
[2026-03-09 15:14:47]   nn raw: min=-6.88e-7 max=8.39e-6 span=9.07e-6 mean=1.55e-6 neg=32.81%
[2026-03-09 15:14:47]   mech: ks=0.171 (err=71.05%) cs=3.19e-7 (err=32.8%)
[2026-03-09 15:14:52]   adam-vs-raw: dL_adam=4.67e-7 dL_raw=1.9e-7 | step_norm_adam=9.41e-6 step_norm_raw=9.41e-6
[2026-03-09 15:14:52]   adam-vs-raw terms: adam[t1=-4.85e-9, t2=4.72e-7] raw[t1=-4.85e-9, t2=1.94e-7]
[2026-03-09 15:15:00]   mech-grad AD(raw): [1]=0.0000000000000000e+00 [2]=0.0000000000000000e+00
[2026-03-09 15:15:00]   mech-grad FD(raw): [1]=-3.0141144988166976e-03 [2]=-2.5405997252405898e-02 | h=[3.3701176430618968e-06, 2.8576452267757228e-06]
[2026-03-09 15:15:00]   mech-bound slope dp/draw: ks=1.6052662380085408e-01 cs=2.5413467948574882e-07
[2026-03-09 15:15:00]   mech-grad AD-FD diff(raw): [1]=3.0141144988166976e-03 [2]=2.5405997252405898e-02
[2026-03-09 15:15:04]   adam-group-probe: dL_full=4.67e-7 dL_net=4.34e-7 dL_mech=-5.14e-8 cross=8.45e-8
[2026-03-09 15:15:04]   adam-group-step-norms: full=9.41e-6 net=9.41e-6 mech=3.5e-11
[2026-03-09 15:15:06]   step-guard retry 1/6 -- reason=step_trial_loss_jump | lr=3.58e-6 | scale[p_net=0.2, mech_raw=1.0]
[2026-03-09 15:15:08]   step-guard: accepted after 1 retry/reduction(s) | lr=3.58e-6 | trial_loss=6.924e-5
[2026-03-09 15:17:18] Stage2 epoch 36 train=6.924e-5
[2026-03-09 15:17:18]   grad_norm=0.000103 lr=3.58e-6
[2026-03-09 15:17:18]   lr_groups(eqv): p_net=7.17e-7 mech_raw=3.58e-6 | base=3.58e-6
[2026-03-09 15:17:18]   grad_groups(raw): p_net=0.000515 mech_raw=0.0
[2026-03-09 15:17:18]   grad_norm_raw=0.000515 grad_norm_scaled=0.000103 | scale[p_net=0.2, mech_raw=1.0]
[2026-03-09 15:17:18]   parts: state=6.15e-5 x2dot=7.76e-6 x3r=None cont=None l2=None
[2026-03-09 15:17:18]   rec: x1=1.59% x3=44.49%
[2026-03-09 15:17:18]   nn: F_hertz err=98.51%
[2026-03-09 15:17:18]   nn raw: min=-6.81e-7 max=8.37e-6 span=9.05e-6 mean=1.56e-6 neg=32.59%
[2026-03-09 15:17:18]   mech: ks=0.171 (err=71.05%) cs=3.19e-7 (err=32.8%)
[2026-03-09 15:17:22]   adam-vs-raw: dL_adam=-4.89e-9 dL_raw=1.05e-7 | step_norm_adam=3.44e-6 step_norm_raw=3.44e-6
[2026-03-09 15:17:22]   adam-vs-raw terms: adam[t1=-1.77e-9, t2=-3.12e-9] raw[t1=-1.77e-9, t2=1.07e-7]
[2026-03-09 15:17:30]   mech-grad AD(raw): [1]=0.0000000000000000e+00 [2]=0.0000000000000000e+00
[2026-03-09 15:17:30]   mech-grad FD(raw): [1]=1.4983594664673759e-03 [2]=-2.2330725318044668e-03 | h=[3.3701176430708682e-06, 2.8576452267846938e-06]
[2026-03-09 15:17:30]   mech-bound slope dp/draw: ks=1.6052662379950972e-01 cs=2.5413467948371647e-07
[2026-03-09 15:17:30]   mech-grad AD-FD diff(raw): [1]=-1.4983594664673759e-03 [2]=2.2330725318044668e-03
[2026-03-09 15:17:34]   adam-group-probe: dL_full=-4.89e-9 dL_net=1.25e-7 dL_mech=8.13e-8 cross=-2.11e-7
[2026-03-09 15:17:34]   adam-group-step-norms: full=3.44e-6 net=3.44e-6 mech=1.14e-11
[2026-03-09 15:19:45] Stage2 epoch 37 train=6.985e-5
[2026-03-09 15:19:45]   grad_norm=0.000104 lr=1.35e-5
[2026-03-09 15:19:45]   lr_groups(eqv): p_net=2.69e-6 mech_raw=1.35e-5 | base=1.35e-5
[2026-03-09 15:19:45]   grad_groups(raw): p_net=0.000519 mech_raw=0.0
[2026-03-09 15:19:45]   grad_norm_raw=0.000519 grad_norm_scaled=0.000104 | scale[p_net=0.2, mech_raw=1.0]
[2026-03-09 15:19:45]   parts: state=6.21e-5 x2dot=7.77e-6 x3r=None cont=None l2=None
[2026-03-09 15:19:45]   rec: x1=1.6% x3=44.55%
[2026-03-09 15:19:45]   nn: F_hertz err=98.32%
[2026-03-09 15:19:45]   nn raw: min=-6.54e-7 max=8.29e-6 span=8.95e-6 mean=1.57e-6 neg=31.91%
[2026-03-09 15:19:45]   mech: ks=0.171 (err=71.05%) cs=3.19e-7 (err=32.8%)
[2026-03-09 15:19:49]   adam-vs-raw: dL_adam=8.71e-7 dL_raw=9.11e-7 | step_norm_adam=1.3e-5 step_norm_raw=1.3e-5
[2026-03-09 15:19:49]   adam-vs-raw terms: adam[t1=-6.76e-9, t2=8.78e-7] raw[t1=-6.76e-9, t2=9.18e-7]
[2026-03-09 15:19:57]   mech-grad AD(raw): [1]=0.0000000000000000e+00 [2]=0.0000000000000000e+00
[2026-03-09 15:19:57]   mech-grad FD(raw): [1]=1.7465451540231186e-02 [2]=9.1309370670577417e-03 | h=[3.3701176431012085e-06, 2.8576452268150345e-06]
[2026-03-09 15:19:57]   mech-bound slope dp/draw: ks=1.6052662379496307e-01 cs=2.5413467947684307e-07
[2026-03-09 15:19:57]   mech-grad AD-FD diff(raw): [1]=-1.7465451540231186e-02 [2]=-9.1309370670577417e-03
[2026-03-09 15:20:01]   adam-group-probe: dL_full=8.71e-7 dL_net=6.64e-7 dL_mech=-8.53e-8 cross=2.92e-7
[2026-03-09 15:20:01]   adam-group-step-norms: full=1.3e-5 net=1.3e-5 mech=3.86e-11
[2026-03-09 15:20:03]   step-guard retry 1/6 -- reason=step_trial_loss_jump | lr=5.25e-6 | scale[p_net=0.2, mech_raw=1.0]
[2026-03-09 15:20:05]   step-guard: accepted after 1 retry/reduction(s) | lr=5.25e-6 | trial_loss=7.021e-5
[2026-03-09 15:22:13] Stage2 epoch 38 train=7.021e-5
[2026-03-09 15:22:13]   grad_norm=0.000104 lr=5.25e-6
[2026-03-09 15:22:13]   lr_groups(eqv): p_net=1.05e-6 mech_raw=5.25e-6 | base=5.25e-6
[2026-03-09 15:22:13]   grad_groups(raw): p_net=0.000522 mech_raw=0.0
[2026-03-09 15:22:13]   grad_norm_raw=0.000522 grad_norm_scaled=0.000104 | scale[p_net=0.2, mech_raw=1.0]
[2026-03-09 15:22:13]   parts: state=6.24e-5 x2dot=7.8e-6 x3r=None cont=None l2=None
[2026-03-09 15:22:13]   rec: x1=1.61% x3=44.57%
[2026-03-09 15:22:13]   nn: F_hertz err=98.24%
[2026-03-09 15:22:13]   nn raw: min=-6.43e-7 max=8.27e-6 span=8.91e-6 mean=1.58e-6 neg=31.66%
[2026-03-09 15:22:13]   mech: ks=0.171 (err=71.05%) cs=3.19e-7 (err=32.8%)
[2026-03-09 15:22:17]   adam-vs-raw: dL_adam=2.78e-7 dL_raw=1.51e-7 | step_norm_adam=5.12e-6 step_norm_raw=5.12e-6
[2026-03-09 15:22:17]   adam-vs-raw terms: adam[t1=-2.67e-9, t2=2.81e-7] raw[t1=-2.67e-9, t2=1.54e-7]
[2026-03-09 15:22:26]   mech-grad AD(raw): [1]=0.0000000000000000e+00 [2]=0.0000000000000000e+00
[2026-03-09 15:22:26]   mech-grad FD(raw): [1]=-1.7646729174963453e-02 [2]=-1.7743512269146798e-02 | h=[3.3701176431118506e-06, 2.8576452268256766e-06]
[2026-03-09 15:22:26]   mech-bound slope dp/draw: ks=1.6052662379336829e-01 cs=2.5413467947443215e-07
[2026-03-09 15:22:26]   mech-grad AD-FD diff(raw): [1]=1.7646729174963453e-02 [2]=1.7743512269146798e-02
[2026-03-09 15:22:30]   adam-group-probe: dL_full=2.78e-7 dL_net=2.16e-7 dL_mech=-2.0e-7 cross=2.62e-7
[2026-03-09 15:22:30]   adam-group-step-norms: full=5.12e-6 net=5.12e-6 mech=1.35e-11
[2026-03-09 15:22:32]   step-guard retry 1/6 -- reason=step_trial_loss_jump | lr=2.12e-6 | scale[p_net=0.2, mech_raw=1.0]
[2026-03-09 15:22:34]   step-guard: accepted after 1 retry/reduction(s) | lr=2.12e-6 | trial_loss=7.014e-5
[2026-03-09 15:24:45] Stage2 epoch 39 train=7.014e-5
[2026-03-09 15:24:45]   grad_norm=0.000104 lr=2.12e-6
[2026-03-09 15:24:45]   lr_groups(eqv): p_net=4.24e-7 mech_raw=2.12e-6 | base=2.12e-6
[2026-03-09 15:24:45]   grad_groups(raw): p_net=0.000521 mech_raw=0.0
[2026-03-09 15:24:45]   grad_norm_raw=0.000521 grad_norm_scaled=0.000104 | scale[p_net=0.2, mech_raw=1.0]
[2026-03-09 15:24:45]   parts: state=6.24e-5 x2dot=7.77e-6 x3r=None cont=None l2=None
[2026-03-09 15:24:45]   rec: x1=1.61% x3=44.58%
[2026-03-09 15:24:45]   nn: F_hertz err=98.21%
[2026-03-09 15:24:45]   nn raw: min=-6.39e-7 max=8.25e-6 span=8.89e-6 mean=1.58e-6 neg=31.55%
[2026-03-09 15:24:45]   mech: ks=0.171 (err=71.05%) cs=3.19e-7 (err=32.8%)
[2026-03-09 15:24:49]   adam-vs-raw: dL_adam=2.02e-7 dL_raw=3.31e-7 | step_norm_adam=2.08e-6 step_norm_raw=2.08e-6
[2026-03-09 15:24:49]   adam-vs-raw terms: adam[t1=-1.08e-9, t2=2.03e-7] raw[t1=-1.08e-9, t2=3.32e-7]
[2026-03-09 15:24:58]   mech-grad AD(raw): [1]=0.0000000000000000e+00 [2]=0.0000000000000000e+00
[2026-03-09 15:24:58]   mech-grad FD(raw): [1]=2.2363533188099402e-02 [2]=-1.9712079767548001e-02 | h=[3.3701176431157219e-06, 2.8576452268295476e-06]
[2026-03-09 15:24:58]   mech-bound slope dp/draw: ks=1.6052662379278818e-01 cs=2.5413467947355520e-07
[2026-03-09 15:24:58]   mech-grad AD-FD diff(raw): [1]=-2.2363533188099402e-02 [2]=1.9712079767548001e-02
[2026-03-09 15:25:02]   adam-group-probe: dL_full=2.02e-7 dL_net=3.26e-7 dL_mech=1.87e-7 cross=-3.11e-7
[2026-03-09 15:25:02]   adam-group-step-norms: full=2.08e-6 net=2.08e-6 mech=4.93e-12
[2026-03-09 15:27:33] Stage2 epoch 40 train=7.082e-5
[2026-03-09 15:27:33]   grad_norm=0.000105 lr=8.89e-6
[2026-03-09 15:27:33]   lr_groups(eqv): p_net=1.78e-6 mech_raw=8.89e-6 | base=8.89e-6
[2026-03-09 15:27:33]   grad_groups(raw): p_net=0.000525 mech_raw=0.0
[2026-03-09 15:27:33]   grad_norm_raw=0.000525 grad_norm_scaled=0.000105 | scale[p_net=0.2, mech_raw=1.0]
[2026-03-09 15:27:33]   parts: state=6.3e-5 x2dot=7.82e-6 x3r=None cont=None l2=None
[2026-03-09 15:27:33]   rec: x1=1.61% x3=44.62%
[2026-03-09 15:27:33]   nn: F_hertz err=98.09%
[2026-03-09 15:27:33]   nn raw: min=-6.21e-7 max=8.21e-6 span=8.83e-6 mean=1.59e-6 neg=31.08%
[2026-03-09 15:27:33]   mech: ks=0.171 (err=71.05%) cs=3.19e-7 (err=32.8%)
[2026-03-09 15:27:37]   adam-vs-raw: dL_adam=4.48e-7 dL_raw=4.64e-7 | step_norm_adam=8.79e-6 step_norm_raw=8.79e-6
[2026-03-09 15:27:37]   adam-vs-raw terms: adam[t1=-4.61e-9, t2=4.53e-7] raw[t1=-4.61e-9, t2=4.68e-7]
[2026-03-09 15:27:45]   mech-grad AD(raw): [1]=0.0000000000000000e+00 [2]=0.0000000000000000e+00
[2026-03-09 15:27:45]   mech-grad FD(raw): [1]=-2.1174005696919292e-02 [2]=2.5262417563638753e-02 | h=[3.3701176431303235e-06, 2.8576452268441491e-06]
[2026-03-09 15:27:45]   mech-bound slope dp/draw: ks=1.6052662379060009e-01 cs=2.5413467947024727e-07
[2026-03-09 15:27:45]   mech-grad AD-FD diff(raw): [1]=2.1174005696919292e-02 [2]=-2.5262417563638753e-02
[2026-03-09 15:27:49]   adam-group-probe: dL_full=4.48e-7 dL_net=6.09e-7 dL_mech=1.68e-7 cross=-3.29e-7
[2026-03-09 15:27:49]   adam-group-step-norms: full=8.79e-6 net=8.79e-6 mech=1.86e-11
[2026-03-09 15:27:51]   step-guard retry 1/6 -- reason=step_trial_loss_jump | lr=3.86e-6 | scale[p_net=0.2, mech_raw=1.0]
[2026-03-09 15:27:53]   step-guard: accepted after 1 retry/reduction(s) | lr=3.86e-6 | trial_loss=7.1e-5
[2026-03-09 15:29:55] Stage2 epoch 41 train=7.1e-5
[2026-03-09 15:29:55]   grad_norm=0.000105 lr=3.86e-6
[2026-03-09 15:29:55]   lr_groups(eqv): p_net=7.73e-7 mech_raw=3.86e-6 | base=3.86e-6
[2026-03-09 15:29:55]   grad_groups(raw): p_net=0.000526 mech_raw=0.0
[2026-03-09 15:29:55]   grad_norm_raw=0.000526 grad_norm_scaled=0.000105 | scale[p_net=0.2, mech_raw=1.0]
[2026-03-09 15:29:55]   parts: state=6.32e-5 x2dot=7.83e-6 x3r=None cont=None l2=None
[2026-03-09 15:29:55]   rec: x1=1.62% x3=44.64%
[2026-03-09 15:29:55]   nn: F_hertz err=98.04%
[2026-03-09 15:29:55]   nn raw: min=-6.13e-7 max=8.18e-6 span=8.8e-6 mean=1.6e-6 neg=30.89%
[2026-03-09 15:29:55]   mech: ks=0.171 (err=71.05%) cs=3.19e-7 (err=32.8%)
[2026-03-09 15:29:59]   adam-vs-raw: dL_adam=4.43e-7 dL_raw=1.88e-7 | step_norm_adam=3.84e-6 step_norm_raw=3.84e-6
[2026-03-09 15:29:59]   adam-vs-raw terms: adam[t1=-2.02e-9, t2=4.45e-7] raw[t1=-2.02e-9, t2=1.9e-7]
[2026-03-09 15:30:07]   mech-grad AD(raw): [1]=0.0000000000000000e+00 [2]=0.0000000000000000e+00
[2026-03-09 15:30:07]   mech-grad FD(raw): [1]=5.5404506746529949e-04 [2]=2.3048581517046097e-03 | h=[3.3701176431360351e-06, 2.8576452268498607e-06]
[2026-03-09 15:30:07]   mech-bound slope dp/draw: ks=1.6052662378974419e-01 cs=2.5413467946895338e-07
[2026-03-09 15:30:07]   mech-grad AD-FD diff(raw): [1]=-5.5404506746529949e-04 [2]=-2.3048581517046097e-03
[2026-03-09 15:30:11]   adam-group-probe: dL_full=4.43e-7 dL_net=2.18e-7 dL_mech=1.45e-7 cross=8.05e-8
[2026-03-09 15:30:11]   adam-group-step-norms: full=3.84e-6 net=3.84e-6 mech=7.27e-12
[2026-03-09 15:30:13]   step-guard retry 1/6 -- reason=step_trial_loss_jump | lr=1.74e-6 | scale[p_net=0.2, mech_raw=1.0]
[2026-03-09 15:30:15]   step-guard: accepted after 1 retry/reduction(s) | lr=1.74e-6 | trial_loss=7.118e-5
[2026-03-09 15:32:22] Stage2 epoch 42 train=7.118e-5
[2026-03-09 15:32:22]   grad_norm=0.000105 lr=1.74e-6
[2026-03-09 15:32:22]   lr_groups(eqv): p_net=3.48e-7 mech_raw=1.74e-6 | base=1.74e-6
[2026-03-09 15:32:22]   grad_groups(raw): p_net=0.000527 mech_raw=0.0
[2026-03-09 15:32:22]   grad_norm_raw=0.000527 grad_norm_scaled=0.000105 | scale[p_net=0.2, mech_raw=1.0]
[2026-03-09 15:32:22]   parts: state=6.33e-5 x2dot=7.84e-6 x3r=None cont=None l2=None
[2026-03-09 15:32:22]   rec: x1=1.62% x3=44.65%
[2026-03-09 15:32:22]   nn: F_hertz err=98.01%
[2026-03-09 15:32:22]   nn raw: min=-6.1e-7 max=8.17e-6 span=8.78e-6 mean=1.6e-6 neg=30.79%
[2026-03-09 15:32:22]   mech: ks=0.171 (err=71.05%) cs=3.19e-7 (err=32.8%)
[2026-03-09 15:32:26]   adam-vs-raw: dL_adam=2.72e-9 dL_raw=1.55e-7 | step_norm_adam=1.74e-6 step_norm_raw=1.74e-6
[2026-03-09 15:32:26]   adam-vs-raw terms: adam[t1=-9.17e-10, t2=3.64e-9] raw[t1=-9.17e-10, t2=1.56e-7]
[2026-03-09 15:32:34]   mech-grad AD(raw): [1]=0.0000000000000000e+00 [2]=0.0000000000000000e+00
[2026-03-09 15:32:34]   mech-grad FD(raw): [1]=2.4329410483661697e-02 [2]=-4.0477875338500464e-03 | h=[3.3701176431383513e-06, 2.8576452268521773e-06]
[2026-03-09 15:32:34]   mech-bound slope dp/draw: ks=1.6052662378939708e-01 cs=2.5413467946842864e-07
[2026-03-09 15:32:34]   mech-grad AD-FD diff(raw): [1]=-2.4329410483661697e-02 [2]=4.0477875338500464e-03
[2026-03-09 15:32:39]   adam-group-probe: dL_full=2.72e-9 dL_net=8.68e-8 dL_mech=8.58e-8 cross=-1.7e-7
[2026-03-09 15:32:39]   adam-group-step-norms: full=1.74e-6 net=1.74e-6 mech=2.95e-12
[2026-03-09 15:34:45] Stage2 epoch 43 train=7.169e-5
[2026-03-09 15:34:45]   grad_norm=0.000106 lr=8.14e-6
[2026-03-09 15:34:45]   lr_groups(eqv): p_net=1.63e-6 mech_raw=8.14e-6 | base=8.14e-6
[2026-03-09 15:34:45]   grad_groups(raw): p_net=0.00053 mech_raw=0.0
[2026-03-09 15:34:45]   grad_norm_raw=0.00053 grad_norm_scaled=0.000106 | scale[p_net=0.2, mech_raw=1.0]
[2026-03-09 15:34:45]   parts: state=6.38e-5 x2dot=7.87e-6 x3r=None cont=None l2=None
[2026-03-09 15:34:45]   rec: x1=1.62% x3=44.69%
[2026-03-09 15:34:45]   nn: F_hertz err=97.9%
[2026-03-09 15:34:45]   nn raw: min=-5.94e-7 max=8.13e-6 span=8.72e-6 mean=1.61e-6 neg=30.34%
[2026-03-09 15:34:45]   mech: ks=0.171 (err=71.05%) cs=3.19e-7 (err=32.8%)
[2026-03-09 15:34:49]   adam-vs-raw: dL_adam=4.89e-7 dL_raw=3.93e-7 | step_norm_adam=8.19e-6 step_norm_raw=8.19e-6
[2026-03-09 15:34:49]   adam-vs-raw terms: adam[t1=-4.34e-9, t2=4.94e-7] raw[t1=-4.34e-9, t2=3.97e-7]
[2026-03-09 15:34:57]   mech-grad AD(raw): [1]=0.0000000000000000e+00 [2]=0.0000000000000000e+00
[2026-03-09 15:34:57]   mech-grad FD(raw): [1]=-5.5099013341285211e-03 [2]=-2.6740326020010412e-02 | h=[3.3701176431480900e-06, 2.8576452268619161e-06]
[2026-03-09 15:34:57]   mech-bound slope dp/draw: ks=1.6052662378793767e-01 cs=2.5413467946622233e-07
[2026-03-09 15:34:57]   mech-grad AD-FD diff(raw): [1]=5.5099013341285211e-03 [2]=2.6740326020010412e-02
[2026-03-09 15:35:01]   adam-group-probe: dL_full=4.89e-7 dL_net=5.85e-7 dL_mech=4.74e-8 cross=-1.44e-7
[2026-03-09 15:35:01]   adam-group-step-norms: full=8.19e-6 net=8.19e-6 mech=1.24e-11
[2026-03-09 15:35:03]   step-guard retry 1/6 -- reason=step_trial_loss_jump | lr=3.94e-6 | scale[p_net=0.2, mech_raw=1.0]
[2026-03-09 15:35:05]   step-guard: accepted after 1 retry/reduction(s) | lr=3.94e-6 | trial_loss=7.2e-5
[2026-03-09 15:37:09] Stage2 epoch 44 train=7.2e-5
[2026-03-09 15:37:09]   grad_norm=0.000106 lr=3.94e-6
[2026-03-09 15:37:09]   lr_groups(eqv): p_net=7.88e-7 mech_raw=3.94e-6 | base=3.94e-6
[2026-03-09 15:37:09]   grad_groups(raw): p_net=0.000531 mech_raw=0.0
[2026-03-09 15:37:09]   grad_norm_raw=0.000531 grad_norm_scaled=0.000106 | scale[p_net=0.2, mech_raw=1.0]
[2026-03-09 15:37:09]   parts: state=6.41e-5 x2dot=7.89e-6 x3r=None cont=None l2=None
[2026-03-09 15:37:09]   rec: x1=1.63% x3=44.71%
[2026-03-09 15:37:09]   nn: F_hertz err=97.84%
[2026-03-09 15:37:09]   nn raw: min=-5.86e-7 max=8.11e-6 span=8.69e-6 mean=1.62e-6 neg=30.14%
[2026-03-09 15:37:09]   mech: ks=0.171 (err=71.05%) cs=3.19e-7 (err=32.8%)
[2026-03-09 15:37:13]   adam-vs-raw: dL_adam=9.43e-8 dL_raw=8.51e-8 | step_norm_adam=3.99e-6 step_norm_raw=3.99e-6
[2026-03-09 15:37:13]   adam-vs-raw terms: adam[t1=-2.12e-9, t2=9.65e-8] raw[t1=-2.12e-9, t2=8.72e-8]
[2026-03-09 15:37:21]   mech-grad AD(raw): [1]=0.0000000000000000e+00 [2]=0.0000000000000000e+00
[2026-03-09 15:37:21]   mech-grad FD(raw): [1]=1.0808069678177459e-02 [2]=-2.7194518573199669e-02 | h=[3.3701176431523354e-06, 2.8576452268661610e-06]
[2026-03-09 15:37:21]   mech-bound slope dp/draw: ks=1.6052662378730154e-01 cs=2.5413467946526069e-07
[2026-03-09 15:37:21]   mech-grad AD-FD diff(raw): [1]=-1.0808069678177459e-02 [2]=2.7194518573199669e-02
[2026-03-09 15:37:25]   adam-group-probe: dL_full=9.43e-8 dL_net=1.69e-7 dL_mech=-7.48e-8 cross=3.51e-10
[2026-03-09 15:37:25]   adam-group-step-norms: full=3.99e-6 net=3.99e-6 mech=5.4e-12
[2026-03-09 15:37:27]   step-guard retry 1/6 -- reason=step_trial_loss_jump | lr=1.98e-6 | scale[p_net=0.2, mech_raw=1.0]
[2026-03-09 15:37:29]   step-guard: accepted after 1 retry/reduction(s) | lr=1.98e-6 | trial_loss=7.19e-5
[2026-03-09 15:39:33] Stage2 epoch 45 train=7.19e-5
[2026-03-09 15:39:33]   grad_norm=0.000106 lr=1.98e-6
[2026-03-09 15:39:33]   lr_groups(eqv): p_net=3.96e-7 mech_raw=1.98e-6 | base=1.98e-6
[2026-03-09 15:39:33]   grad_groups(raw): p_net=0.000531 mech_raw=0.0
[2026-03-09 15:39:33]   grad_norm_raw=0.000531 grad_norm_scaled=0.000106 | scale[p_net=0.2, mech_raw=1.0]
[2026-03-09 15:39:33]   parts: state=6.4e-5 x2dot=7.87e-6 x3r=None cont=None l2=None
[2026-03-09 15:39:33]   rec: x1=1.63% x3=44.71%
[2026-03-09 15:39:33]   nn: F_hertz err=97.81%
[2026-03-09 15:39:33]   nn raw: min=-5.82e-7 max=8.1e-6 span=8.68e-6 mean=1.62e-6 neg=30.02%
[2026-03-09 15:39:33]   mech: ks=0.171 (err=71.05%) cs=3.19e-7 (err=32.8%)
[2026-03-09 15:39:38]   adam-vs-raw: dL_adam=3.75e-7 dL_raw=2.0e-7 | step_norm_adam=2.01e-6 step_norm_raw=2.01e-6
[2026-03-09 15:39:38]   adam-vs-raw terms: adam[t1=-1.07e-9, t2=3.76e-7] raw[t1=-1.07e-9, t2=2.01e-7]
[2026-03-09 15:39:46]   mech-grad AD(raw): [1]=0.0000000000000000e+00 [2]=0.0000000000000000e+00
[2026-03-09 15:39:46]   mech-grad FD(raw): [1]=-1.1422521172494053e-02 [2]=3.2445560293750354e-03 | h=[3.3701176431542535e-06, 2.8576452268680791e-06]
[2026-03-09 15:39:46]   mech-bound slope dp/draw: ks=1.6052662378701410e-01 cs=2.5413467946482621e-07
[2026-03-09 15:39:46]   mech-grad AD-FD diff(raw): [1]=1.1422521172494053e-02 [2]=-3.2445560293750354e-03
[2026-03-09 15:39:50]   adam-group-probe: dL_full=3.75e-7 dL_net=3.02e-7 dL_mech=7.31e-8 cross=-6.58e-10
[2026-03-09 15:39:50]   adam-group-step-norms: full=2.01e-6 net=2.01e-6 mech=2.44e-12
[2026-03-09 15:42:05] Stage2 epoch 46 train=7.256e-5
[2026-03-09 15:42:05]   grad_norm=0.000107 lr=1.03e-5
[2026-03-09 15:42:05]   lr_groups(eqv): p_net=2.06e-6 mech_raw=1.03e-5 | base=1.03e-5
[2026-03-09 15:42:05]   grad_groups(raw): p_net=0.000534 mech_raw=0.0
[2026-03-09 15:42:05]   grad_norm_raw=0.000534 grad_norm_scaled=0.000107 | scale[p_net=0.2, mech_raw=1.0]
[2026-03-09 15:42:05]   parts: state=6.47e-5 x2dot=7.91e-6 x3r=None cont=None l2=None
[2026-03-09 15:42:05]   rec: x1=1.63% x3=44.77%
[2026-03-09 15:42:05]   nn: F_hertz err=97.67%
[2026-03-09 15:42:05]   nn raw: min=-5.62e-7 max=8.04e-6 span=8.6e-6 mean=1.63e-6 neg=29.5%
[2026-03-09 15:42:05]   mech: ks=0.171 (err=71.05%) cs=3.19e-7 (err=32.8%)
[2026-03-09 15:42:09]   adam-vs-raw: dL_adam=7.95e-7 dL_raw=8.32e-7 | step_norm_adam=1.05e-5 step_norm_raw=1.05e-5
[2026-03-09 15:42:09]   adam-vs-raw terms: adam[t1=-5.62e-9, t2=8.0e-7] raw[t1=-5.62e-9, t2=8.37e-7]
[2026-03-09 15:42:17]   mech-grad AD(raw): [1]=0.0000000000000000e+00 [2]=0.0000000000000000e+00
[2026-03-09 15:42:17]   mech-grad FD(raw): [1]=-1.2436143799137152e-03 [2]=2.3154435964703398e-02 | h=[3.3701176431632367e-06, 2.8576452268770627e-06]
[2026-03-09 15:42:17]   mech-bound slope dp/draw: ks=1.6052662378566790e-01 cs=2.5413467946279111e-07
[2026-03-09 15:42:17]   mech-grad AD-FD diff(raw): [1]=1.2436143799137152e-03 [2]=-2.3154435964703398e-02
[2026-03-09 15:42:21]   adam-group-probe: dL_full=7.95e-7 dL_net=7.67e-7 dL_mech=1.53e-7 cross=-1.25e-7
[2026-03-09 15:42:21]   adam-group-step-norms: full=1.05e-5 net=1.05e-5 mech=1.14e-11
[2026-03-09 15:42:23]   step-guard retry 1/6 -- reason=step_trial_loss_jump | lr=5.55e-6 | scale[p_net=0.2, mech_raw=1.0]
[2026-03-09 15:42:25]   step-guard: accepted after 1 retry/reduction(s) | lr=5.55e-6 | trial_loss=7.294e-5
[2026-03-09 15:44:34] Stage2 epoch 47 train=7.294e-5
[2026-03-09 15:44:34]   grad_norm=0.000107 lr=5.55e-6
[2026-03-09 15:44:34]   lr_groups(eqv): p_net=1.11e-6 mech_raw=5.55e-6 | base=5.55e-6
[2026-03-09 15:44:34]   grad_groups(raw): p_net=0.000537 mech_raw=0.0
[2026-03-09 15:44:34]   grad_norm_raw=0.000537 grad_norm_scaled=0.000107 | scale[p_net=0.2, mech_raw=1.0]
[2026-03-09 15:44:34]   parts: state=6.5e-5 x2dot=7.93e-6 x3r=None cont=None l2=None
[2026-03-09 15:44:34]   rec: x1=1.64% x3=44.79%
[2026-03-09 15:44:34]   nn: F_hertz err=97.59%
[2026-03-09 15:44:34]   nn raw: min=-5.51e-7 max=8.01e-6 span=8.56e-6 mean=1.64e-6 neg=29.18%
[2026-03-09 15:44:34]   mech: ks=0.171 (err=71.05%) cs=3.19e-7 (err=32.8%)
[2026-03-09 15:44:38]   adam-vs-raw: dL_adam=4.21e-7 dL_raw=5.14e-7 | step_norm_adam=5.7e-6 step_norm_raw=5.7e-6
[2026-03-09 15:44:38]   adam-vs-raw terms: adam[t1=-3.06e-9, t2=4.24e-7] raw[t1=-3.06e-9, t2=5.17e-7]
[2026-03-09 15:44:46]   mech-grad AD(raw): [1]=0.0000000000000000e+00 [2]=0.0000000000000000e+00
[2026-03-09 15:44:46]   mech-grad FD(raw): [1]=-1.0016810428204635e-03 [2]=-1.0129856290429404e-02 | h=[3.3701176431675972e-06, 2.8576452268814232e-06]
[2026-03-09 15:44:46]   mech-bound slope dp/draw: ks=1.6052662378501445e-01 cs=2.5413467946180320e-07
[2026-03-09 15:44:46]   mech-grad AD-FD diff(raw): [1]=1.0016810428204635e-03 [2]=1.0129856290429404e-02
[2026-03-09 15:44:50]   adam-group-probe: dL_full=4.21e-7 dL_net=4.6e-7 dL_mech=1.9e-7 cross=-2.3e-7
[2026-03-09 15:44:50]   adam-group-step-norms: full=5.7e-6 net=5.7e-6 mech=5.55e-12
[2026-03-09 15:44:52]   step-guard retry 1/6 -- reason=step_trial_loss_jump | lr=3.1e-6 | scale[p_net=0.2, mech_raw=1.0]
[2026-03-09 15:44:54]   step-guard: accepted after 1 retry/reduction(s) | lr=3.1e-6 | trial_loss=7.319e-5
[2026-03-09 15:47:10] Stage2 epoch 48 train=7.319e-5
[2026-03-09 15:47:10]   grad_norm=0.000107 lr=3.1e-6
[2026-03-09 15:47:10]   lr_groups(eqv): p_net=6.2e-7 mech_raw=3.1e-6 | base=3.1e-6
[2026-03-09 15:47:10]   grad_groups(raw): p_net=0.000537 mech_raw=0.0
[2026-03-09 15:47:10]   grad_norm_raw=0.000537 grad_norm_scaled=0.000107 | scale[p_net=0.2, mech_raw=1.0]
[2026-03-09 15:47:10]   parts: state=6.52e-5 x2dot=7.94e-6 x3r=None cont=None l2=None
[2026-03-09 15:47:10]   rec: x1=1.64% x3=44.81%
[2026-03-09 15:47:10]   nn: F_hertz err=97.55%
[2026-03-09 15:47:10]   nn raw: min=-5.45e-7 max=7.99e-6 span=8.53e-6 mean=1.64e-6 neg=29.01%
[2026-03-09 15:47:10]   mech: ks=0.171 (err=71.05%) cs=3.19e-7 (err=32.8%)
[2026-03-09 15:47:14]   adam-vs-raw: dL_adam=2.18e-7 dL_raw=3.42e-7 | step_norm_adam=3.2e-6 step_norm_raw=3.2e-6
[2026-03-09 15:47:14]   adam-vs-raw terms: adam[t1=-1.72e-9, t2=2.2e-7] raw[t1=-1.72e-9, t2=3.44e-7]
[2026-03-09 15:47:22]   mech-grad AD(raw): [1]=0.0000000000000000e+00 [2]=0.0000000000000000e+00
[2026-03-09 15:47:22]   mech-grad FD(raw): [1]=8.8930414627217593e-03 [2]=2.6067024381994340e-02 | h=[3.3701176431697902e-06, 2.8576452268836158e-06]
[2026-03-09 15:47:22]   mech-bound slope dp/draw: ks=1.6052662378468585e-01 cs=2.5413467946130647e-07
[2026-03-09 15:47:22]   mech-grad AD-FD diff(raw): [1]=-8.8930414627217593e-03 [2]=-2.6067024381994340e-02
[2026-03-09 15:47:27]   adam-group-probe: dL_full=2.18e-7 dL_net=3.07e-7 dL_mech=1.44e-7 cross=-2.33e-7
[2026-03-09 15:47:27]   adam-group-step-norms: full=3.2e-6 net=3.2e-6 mech=2.79e-12
[2026-03-09 15:47:29]   step-guard retry 1/6 -- reason=step_trial_loss_jump | lr=1.8e-6 | scale[p_net=0.2, mech_raw=1.0]
[2026-03-09 15:47:31]   step-guard: accepted after 1 retry/reduction(s) | lr=1.8e-6 | trial_loss=7.342e-5
[2026-03-09 15:49:44] Stage2 epoch 49 train=7.342e-5
[2026-03-09 15:49:44]   grad_norm=0.000108 lr=1.8e-6
[2026-03-09 15:49:44]   lr_groups(eqv): p_net=3.59e-7 mech_raw=1.8e-6 | base=1.8e-6
[2026-03-09 15:49:44]   grad_groups(raw): p_net=0.000539 mech_raw=0.0
[2026-03-09 15:49:44]   grad_norm_raw=0.000539 grad_norm_scaled=0.000108 | scale[p_net=0.2, mech_raw=1.0]
[2026-03-09 15:49:44]   parts: state=6.55e-5 x2dot=7.96e-6 x3r=None cont=None l2=None
[2026-03-09 15:49:44]   rec: x1=1.64% x3=44.81%
[2026-03-09 15:49:44]   nn: F_hertz err=97.53%
[2026-03-09 15:49:44]   nn raw: min=-5.41e-7 max=7.98e-6 span=8.52e-6 mean=1.65e-6 neg=28.93%
[2026-03-09 15:49:44]   mech: ks=0.171 (err=71.05%) cs=3.19e-7 (err=32.8%)
[2026-03-09 15:49:49]   adam-vs-raw: dL_adam=4.16e-8 dL_raw=2.17e-7 | step_norm_adam=1.86e-6 step_norm_raw=1.86e-6
[2026-03-09 15:49:49]   adam-vs-raw terms: adam[t1=-1.0e-9, t2=4.26e-8] raw[t1=-1.0e-9, t2=2.18e-7]
[2026-03-09 15:49:57]   mech-grad AD(raw): [1]=0.0000000000000000e+00 [2]=0.0000000000000000e+00
[2026-03-09 15:49:57]   mech-grad FD(raw): [1]=1.4286486441750694e-02 [2]=-3.0430871886609548e-02 | h=[3.3701176431709328e-06, 2.8576452268847584e-06]
[2026-03-09 15:49:57]   mech-bound slope dp/draw: ks=1.6052662378451460e-01 cs=2.5413467946104754e-07
[2026-03-09 15:49:57]   mech-grad AD-FD diff(raw): [1]=-1.4286486441750694e-02 [2]=3.0430871886609548e-02
[2026-03-09 15:50:01]   adam-group-probe: dL_full=4.16e-8 dL_net=8.36e-8 dL_mech=-1.46e-7 cross=1.04e-7
[2026-03-09 15:50:01]   adam-group-step-norms: full=1.86e-6 net=1.86e-6 mech=1.45e-12
[2026-03-09 15:52:11] Stage2 epoch 50 train=7.426e-5
[2026-03-09 15:52:11]   grad_norm=0.000109 lr=1.08e-5
[2026-03-09 15:52:11]   lr_groups(eqv): p_net=2.15e-6 mech_raw=1.08e-5 | base=1.08e-5
[2026-03-09 15:52:11]   grad_groups(raw): p_net=0.000543 mech_raw=0.0
[2026-03-09 15:52:11]   grad_norm_raw=0.000543 grad_norm_scaled=0.000109 | scale[p_net=0.2, mech_raw=1.0]
[2026-03-09 15:52:11]   parts: state=6.62e-5 x2dot=8.02e-6 x3r=None cont=None l2=None
[2026-03-09 15:52:11]   rec: x1=1.65% x3=44.87%
[2026-03-09 15:52:11]   nn: F_hertz err=97.38%
[2026-03-09 15:52:11]   nn raw: min=-5.2e-7 max=7.91e-6 span=8.44e-6 mean=1.66e-6 neg=28.36%
[2026-03-09 15:52:11]   mech: ks=0.171 (err=71.05%) cs=3.19e-7 (err=32.8%)
[2026-03-09 15:52:15]   adam-vs-raw: dL_adam=6.48e-7 dL_raw=7.06e-7 | step_norm_adam=1.12e-5 step_norm_raw=1.12e-5
[2026-03-09 15:52:15]   adam-vs-raw terms: adam[t1=-6.09e-9, t2=6.54e-7] raw[t1=-6.09e-9, t2=7.12e-7]
[2026-03-09 15:52:24]   mech-grad AD(raw): [1]=0.0000000000000000e+00 [2]=0.0000000000000000e+00
[2026-03-09 15:52:24]   mech-grad FD(raw): [1]=2.9203576628440264e-02 [2]=1.0707456955777440e-02 | h=[3.3701176431771022e-06, 2.8576452268909278e-06]
[2026-03-09 15:52:24]   mech-bound slope dp/draw: ks=1.6052662378359012e-01 cs=2.5413467945964999e-07
[2026-03-09 15:52:24]   mech-grad AD-FD diff(raw): [1]=-2.9203576628440264e-02 [2]=-1.0707456955777440e-02
[2026-03-09 15:52:28]   adam-group-probe: dL_full=6.48e-7 dL_net=5.55e-7 dL_mech=-2.17e-7 cross=3.09e-7
[2026-03-09 15:52:28]   adam-group-step-norms: full=1.12e-5 net=1.12e-5 mech=7.85e-12
[2026-03-09 15:52:30]   step-guard retry 1/6 -- reason=step_trial_loss_jump | lr=6.69e-6 | scale[p_net=0.2, mech_raw=1.0]
[2026-03-09 15:52:32]   step-guard: accepted after 1 retry/reduction(s) | lr=6.69e-6 | trial_loss=7.45e-5
[2026-03-09 15:54:39] Stage2 epoch 51 train=7.45e-5
[2026-03-09 15:54:39]   grad_norm=0.000109 lr=6.69e-6
[2026-03-09 15:54:39]   lr_groups(eqv): p_net=1.34e-6 mech_raw=6.69e-6 | base=6.69e-6
[2026-03-09 15:54:39]   grad_groups(raw): p_net=0.000544 mech_raw=0.0
[2026-03-09 15:54:39]   grad_norm_raw=0.000544 grad_norm_scaled=0.000109 | scale[p_net=0.2, mech_raw=1.0]
[2026-03-09 15:54:39]   parts: state=6.65e-5 x2dot=8.03e-6 x3r=None cont=None l2=None
[2026-03-09 15:54:39]   rec: x1=1.66% x3=44.9%
[2026-03-09 15:54:39]   nn: F_hertz err=97.29%
[2026-03-09 15:54:39]   nn raw: min=-5.07e-7 max=7.88e-6 span=8.38e-6 mean=1.67e-6 neg=27.96%
[2026-03-09 15:54:39]   mech: ks=0.171 (err=71.05%) cs=3.19e-7 (err=32.8%)
[2026-03-09 15:54:43]   adam-vs-raw: dL_adam=6.82e-7 dL_raw=5.43e-7 | step_norm_adam=7.0e-6 step_norm_raw=7.0e-6
[2026-03-09 15:54:43]   adam-vs-raw terms: adam[t1=-3.81e-9, t2=6.85e-7] raw[t1=-3.81e-9, t2=5.47e-7]
[2026-03-09 15:54:51]   mech-grad AD(raw): [1]=0.0000000000000000e+00 [2]=0.0000000000000000e+00
[2026-03-09 15:54:51]   mech-grad FD(raw): [1]=-2.8299365466780139e-02 [2]=-1.8444889935605901e-02 | h=[3.3701176431805513e-06, 2.8576452268943773e-06]
[2026-03-09 15:54:51]   mech-bound slope dp/draw: ks=1.6052662378307322e-01 cs=2.5413467945886855e-07
[2026-03-09 15:54:51]   mech-grad AD-FD diff(raw): [1]=2.8299365466780139e-02 [2]=1.8444889935605901e-02
[2026-03-09 15:54:56]   adam-group-probe: dL_full=6.82e-7 dL_net=6.43e-7 dL_mech=1.28e-7 cross=-8.98e-8
[2026-03-09 15:54:56]   adam-group-step-norms: full=7.0e-6 net=7.0e-6 mech=4.39e-12
[2026-03-09 15:54:58]   step-guard retry 1/6 -- reason=step_trial_loss_jump | lr=4.31e-6 | scale[p_net=0.2, mech_raw=1.0]
[2026-03-09 15:55:00]   step-guard: accepted after 1 retry/reduction(s) | lr=4.31e-6 | trial_loss=7.501e-5
[2026-03-09 15:57:07] Stage2 epoch 52 train=7.501e-5
[2026-03-09 15:57:07]   grad_norm=0.000109 lr=4.31e-6
[2026-03-09 15:57:07]   lr_groups(eqv): p_net=8.61e-7 mech_raw=4.31e-6 | base=4.31e-6
[2026-03-09 15:57:07]   grad_groups(raw): p_net=0.000547 mech_raw=0.0
[2026-03-09 15:57:07]   grad_norm_raw=0.000547 grad_norm_scaled=0.000109 | scale[p_net=0.2, mech_raw=1.0]
[2026-03-09 15:57:07]   parts: state=6.69e-5 x2dot=8.07e-6 x3r=None cont=None l2=None
[2026-03-09 15:57:07]   rec: x1=1.66% x3=44.92%
[2026-03-09 15:57:07]   nn: F_hertz err=97.23%
[2026-03-09 15:57:07]   nn raw: min=-4.99e-7 max=7.85e-6 span=8.35e-6 mean=1.67e-6 neg=27.72%
[2026-03-09 15:57:07]   mech: ks=0.171 (err=71.05%) cs=3.19e-7 (err=32.8%)
[2026-03-09 15:57:11]   adam-vs-raw: dL_adam=1.93e-7 dL_raw=3.59e-7 | step_norm_adam=4.53e-6 step_norm_raw=4.53e-6
[2026-03-09 15:57:11]   adam-vs-raw terms: adam[t1=-2.48e-9, t2=1.96e-7] raw[t1=-2.48e-9, t2=3.61e-7]
[2026-03-09 15:57:19]   mech-grad AD(raw): [1]=0.0000000000000000e+00 [2]=0.0000000000000000e+00
[2026-03-09 15:57:19]   mech-grad FD(raw): [1]=-2.9758717696142067e-03 [2]=2.6266238408093699e-02 | h=[3.3701176431825486e-06, 2.8576452268963742e-06]
[2026-03-09 15:57:19]   mech-bound slope dp/draw: ks=1.6052662378277396e-01 cs=2.5413467945841618e-07
[2026-03-09 15:57:19]   mech-grad AD-FD diff(raw): [1]=2.9758717696142067e-03 [2]=-2.6266238408093699e-02
[2026-03-09 15:57:23]   adam-group-probe: dL_full=1.93e-7 dL_net=2.09e-7 dL_mech=-7.84e-8 cross=6.33e-8
[2026-03-09 15:57:23]   adam-group-step-norms: full=4.53e-6 net=4.53e-6 mech=2.54e-12
[2026-03-09 15:57:25]   step-guard retry 1/6 -- reason=step_trial_loss_jump | lr=2.87e-6 | scale[p_net=0.2, mech_raw=1.0]
[2026-03-09 15:57:27]   step-guard: accepted after 1 retry/reduction(s) | lr=2.87e-6 | trial_loss=7.526e-5
[2026-03-09 15:59:36] Stage2 epoch 53 train=7.526e-5
[2026-03-09 15:59:36]   grad_norm=0.00011 lr=2.87e-6
[2026-03-09 15:59:36]   lr_groups(eqv): p_net=5.74e-7 mech_raw=2.87e-6 | base=2.87e-6
[2026-03-09 15:59:36]   grad_groups(raw): p_net=0.000548 mech_raw=0.0
[2026-03-09 15:59:36]   grad_norm_raw=0.000548 grad_norm_scaled=0.00011 | scale[p_net=0.2, mech_raw=1.0]
[2026-03-09 15:59:36]   parts: state=6.72e-5 x2dot=8.09e-6 x3r=None cont=None l2=None
[2026-03-09 15:59:36]   rec: x1=1.67% x3=44.93%
[2026-03-09 15:59:36]   nn: F_hertz err=97.19%
[2026-03-09 15:59:36]   nn raw: min=-4.94e-7 max=7.83e-6 span=8.33e-6 mean=1.68e-6 neg=27.6%
[2026-03-09 15:59:36]   mech: ks=0.171 (err=71.05%) cs=3.19e-7 (err=32.8%)
[2026-03-09 15:59:40]   adam-vs-raw: dL_adam=8.7e-8 dL_raw=1.26e-7 | step_norm_adam=3.03e-6 step_norm_raw=3.03e-6
[2026-03-09 15:59:40]   adam-vs-raw terms: adam[t1=-1.66e-9, t2=8.87e-8] raw[t1=-1.66e-9, t2=1.28e-7]
[2026-03-09 15:59:49]   mech-grad AD(raw): [1]=0.0000000000000000e+00 [2]=0.0000000000000000e+00
[2026-03-09 15:59:49]   mech-grad FD(raw): [1]=-2.2433171500440375e-02 [2]=2.5883348519695860e-02 | h=[3.3701176431837459e-06, 2.8576452268975715e-06]
[2026-03-09 15:59:49]   mech-bound slope dp/draw: ks=1.6052662378259455e-01 cs=2.5413467945814497e-07
[2026-03-09 15:59:49]   mech-grad AD-FD diff(raw): [1]=2.2433171500440375e-02 [2]=-2.5883348519695860e-02
[2026-03-09 15:59:53]   adam-group-probe: dL_full=8.7e-8 dL_net=1.95e-7 dL_mech=-1.11e-7 cross=2.71e-9
[2026-03-09 15:59:53]   adam-group-step-norms: full=3.03e-6 net=3.03e-6 mech=1.52e-12
[2026-03-09 15:59:55]   step-guard retry 1/6 -- reason=step_trial_loss_jump | lr=1.98e-6 | scale[p_net=0.2, mech_raw=1.0]
[2026-03-09 15:59:57]   step-guard: accepted after 1 retry/reduction(s) | lr=1.98e-6 | trial_loss=7.517e-5
[2026-03-09 16:02:13] Stage2 epoch 54 train=7.517e-5
[2026-03-09 16:02:13]   grad_norm=0.00011 lr=1.98e-6
[2026-03-09 16:02:13]   lr_groups(eqv): p_net=3.95e-7 mech_raw=1.98e-6 | base=1.98e-6
[2026-03-09 16:02:13]   grad_groups(raw): p_net=0.000548 mech_raw=0.0
[2026-03-09 16:02:13]   grad_norm_raw=0.000548 grad_norm_scaled=0.00011 | scale[p_net=0.2, mech_raw=1.0]
[2026-03-09 16:02:13]   parts: state=6.71e-5 x2dot=8.08e-6 x3r=None cont=None l2=None
[2026-03-09 16:02:13]   rec: x1=1.66% x3=44.94%
[2026-03-09 16:02:13]   nn: F_hertz err=97.16%
[2026-03-09 16:02:13]   nn raw: min=-4.9e-7 max=7.82e-6 span=8.31e-6 mean=1.68e-6 neg=27.45%
[2026-03-09 16:02:13]   mech: ks=0.171 (err=71.05%) cs=3.19e-7 (err=32.8%)
[2026-03-09 16:02:17]   adam-vs-raw: dL_adam=5.53e-8 dL_raw=2.24e-7 | step_norm_adam=2.09e-6 step_norm_raw=2.09e-6
[2026-03-09 16:02:17]   adam-vs-raw terms: adam[t1=-1.15e-9, t2=5.65e-8] raw[t1=-1.15e-9, t2=2.25e-7]
[2026-03-09 16:02:25]   mech-grad AD(raw): [1]=0.0000000000000000e+00 [2]=0.0000000000000000e+00
[2026-03-09 16:02:25]   mech-grad FD(raw): [1]=8.2079276079446498e-03 [2]=-1.6763590919394267e-02 | h=[3.3701176431844887e-06, 2.8576452268983143e-06]
[2026-03-09 16:02:25]   mech-bound slope dp/draw: ks=1.6052662378248320e-01 cs=2.5413467945797668e-07
[2026-03-09 16:02:25]   mech-grad AD-FD diff(raw): [1]=-8.2079276079446498e-03 [2]=1.6763590919394267e-02
[2026-03-09 16:02:29]   adam-group-probe: dL_full=5.53e-8 dL_net=3.58e-7 dL_mech=2.14e-7 cross=-5.17e-7
[2026-03-09 16:02:29]   adam-group-step-norms: full=2.09e-6 net=2.09e-6 mech=9.45e-13
[2026-03-09 16:02:31]   step-guard retry 1/6 -- reason=step_trial_loss_jump | lr=1.41e-6 | scale[p_net=0.2, mech_raw=1.0]
[2026-03-09 16:02:33]   step-guard: accepted after 1 retry/reduction(s) | lr=1.41e-6 | trial_loss=7.539e-5
[2026-03-09 16:04:42] Stage2 epoch 55 train=7.539e-5
[2026-03-09 16:04:42]   grad_norm=0.00011 lr=1.41e-6
[2026-03-09 16:04:42]   lr_groups(eqv): p_net=2.82e-7 mech_raw=1.41e-6 | base=1.41e-6
[2026-03-09 16:04:42]   grad_groups(raw): p_net=0.000549 mech_raw=0.0
[2026-03-09 16:04:42]   grad_norm_raw=0.000549 grad_norm_scaled=0.00011 | scale[p_net=0.2, mech_raw=1.0]
[2026-03-09 16:04:42]   parts: state=6.73e-5 x2dot=8.1e-6 x3r=None cont=None l2=None
[2026-03-09 16:04:42]   rec: x1=1.67% x3=44.95%
[2026-03-09 16:04:42]   nn: F_hertz err=97.14%
[2026-03-09 16:04:42]   nn raw: min=-4.87e-7 max=7.81e-6 span=8.3e-6 mean=1.68e-6 neg=27.37%
[2026-03-09 16:04:42]   mech: ks=0.171 (err=71.05%) cs=3.19e-7 (err=32.8%)
[2026-03-09 16:04:46]   adam-vs-raw: dL_adam=-7.29e-9 dL_raw=6.66e-9 | step_norm_adam=1.5e-6 step_norm_raw=1.5e-6
[2026-03-09 16:04:46]   adam-vs-raw terms: adam[t1=-8.23e-10, t2=-6.47e-9] raw[t1=-8.23e-10, t2=7.48e-9]
[2026-03-09 16:04:54]   mech-grad AD(raw): [1]=0.0000000000000000e+00 [2]=0.0000000000000000e+00
[2026-03-09 16:04:54]   mech-grad FD(raw): [1]=-1.0083472432467107e-02 [2]=1.4750833317762588e-02 | h=[3.3701176431849656e-06, 2.8576452268987912e-06]
[2026-03-09 16:04:54]   mech-bound slope dp/draw: ks=1.6052662378241173e-01 cs=2.5413467945786863e-07
[2026-03-09 16:04:54]   mech-grad AD-FD diff(raw): [1]=1.0083472432467107e-02 [2]=-1.4750833317762588e-02
[2026-03-09 16:04:58]   adam-group-probe: dL_full=-7.29e-9 dL_net=2.57e-8 dL_mech=8.79e-8 cross=-1.21e-7
[2026-03-09 16:04:58]   adam-group-step-norms: full=1.5e-6 net=1.5e-6 mech=6.07e-13
[2026-03-09 16:07:15] Stage2 epoch 56 train=7.619e-5
[2026-03-09 16:07:15]   grad_norm=0.00011 lr=1.04e-5
[2026-03-09 16:07:15]   lr_groups(eqv): p_net=2.08e-6 mech_raw=1.04e-5 | base=1.04e-5
[2026-03-09 16:07:15]   grad_groups(raw): p_net=0.000552 mech_raw=0.0
[2026-03-09 16:07:15]   grad_norm_raw=0.000552 grad_norm_scaled=0.00011 | scale[p_net=0.2, mech_raw=1.0]
[2026-03-09 16:07:15]   parts: state=6.8e-5 x2dot=8.16e-6 x3r=None cont=None l2=None
[2026-03-09 16:07:15]   rec: x1=1.68% x3=45.01%
[2026-03-09 16:07:15]   nn: F_hertz err=97.0%
[2026-03-09 16:07:15]   nn raw: min=-4.68e-7 max=7.75e-6 span=8.22e-6 mean=1.7e-6 neg=26.81%
[2026-03-09 16:07:15]   mech: ks=0.171 (err=71.05%) cs=3.19e-7 (err=32.8%)
[2026-03-09 16:07:19]   adam-vs-raw: dL_adam=7.63e-7 dL_raw=8.91e-7 | step_norm_adam=1.11e-5 step_norm_raw=1.11e-5
[2026-03-09 16:07:19]   adam-vs-raw terms: adam[t1=-6.14e-9, t2=7.69e-7] raw[t1=-6.14e-9, t2=8.97e-7]
[2026-03-09 16:07:27]   mech-grad AD(raw): [1]=0.0000000000000000e+00 [2]=0.0000000000000000e+00
[2026-03-09 16:07:27]   mech-grad FD(raw): [1]=3.4607825925047561e-02 [2]=-1.1292274342936796e-03 | h=[3.3701176431881344e-06, 2.8576452269019600e-06]
[2026-03-09 16:07:27]   mech-bound slope dp/draw: ks=1.6052662378193691e-01 cs=2.5413467945715077e-07
[2026-03-09 16:07:27]   mech-grad AD-FD diff(raw): [1]=-3.4607825925047561e-02 [2]=1.1292274342936796e-03
[2026-03-09 16:07:31]   adam-group-probe: dL_full=7.63e-7 dL_net=7.89e-7 dL_mech=-4.41e-10 cross=-2.56e-8
[2026-03-09 16:07:31]   adam-group-step-norms: full=1.11e-5 net=1.11e-5 mech=4.03e-12
[2026-03-09 16:07:33]   step-guard retry 1/6 -- reason=step_trial_loss_jump | lr=7.95e-6 | scale[p_net=0.2, mech_raw=1.0]
[2026-03-09 16:07:35]   step-guard: accepted after 1 retry/reduction(s) | lr=7.95e-6 | trial_loss=7.696e-5
[2026-03-09 16:09:48] Stage2 epoch 57 train=7.696e-5
[2026-03-09 16:09:48]   grad_norm=0.000111 lr=7.95e-6
[2026-03-09 16:09:48]   lr_groups(eqv): p_net=1.59e-6 mech_raw=7.95e-6 | base=7.95e-6
[2026-03-09 16:09:48]   grad_groups(raw): p_net=0.000556 mech_raw=0.0
[2026-03-09 16:09:48]   grad_norm_raw=0.000556 grad_norm_scaled=0.000111 | scale[p_net=0.2, mech_raw=1.0]
[2026-03-09 16:09:48]   parts: state=6.87e-5 x2dot=8.22e-6 x3r=None cont=None l2=None
[2026-03-09 16:09:48]   rec: x1=1.68% x3=45.04%
[2026-03-09 16:09:48]   nn: F_hertz err=96.9%
[2026-03-09 16:09:48]   nn raw: min=-4.53e-7 max=7.7e-6 span=8.16e-6 mean=1.71e-6 neg=26.41%
[2026-03-09 16:09:48]   mech: ks=0.171 (err=71.05%) cs=3.19e-7 (err=32.8%)
[2026-03-09 16:09:52]   adam-vs-raw: dL_adam=5.82e-7 dL_raw=6.55e-7 | step_norm_adam=8.52e-6 step_norm_raw=8.52e-6
[2026-03-09 16:09:52]   adam-vs-raw terms: adam[t1=-4.74e-9, t2=5.87e-7] raw[t1=-4.74e-9, t2=6.59e-7]
[2026-03-09 16:10:00]   mech-grad AD(raw): [1]=0.0000000000000000e+00 [2]=0.0000000000000000e+00
[2026-03-09 16:10:00]   mech-grad FD(raw): [1]=2.2311281997237073e-02 [2]=-2.6095462625706878e-02 | h=[3.3701176431903108e-06, 2.8576452269041364e-06]
[2026-03-09 16:10:00]   mech-bound slope dp/draw: ks=1.6052662378161078e-01 cs=2.5413467945665769e-07
[2026-03-09 16:10:00]   mech-grad AD-FD diff(raw): [1]=-2.2311281997237073e-02 [2]=2.6095462625706878e-02
[2026-03-09 16:10:04]   adam-group-probe: dL_full=5.82e-7 dL_net=5.87e-7 dL_mech=-5.29e-9 cross=2.46e-11
[2026-03-09 16:10:04]   adam-group-step-norms: full=8.52e-6 net=8.52e-6 mech=2.77e-12
[2026-03-09 16:10:06]   step-guard retry 1/6 -- reason=step_trial_loss_jump | lr=6.27e-6 | scale[p_net=0.2, mech_raw=1.0]
[2026-03-09 16:10:08]   step-guard: accepted after 1 retry/reduction(s) | lr=6.27e-6 | trial_loss=7.732e-5
[2026-03-09 16:12:53] Stage2 epoch 58 train=7.732e-5
[2026-03-09 16:12:53]   grad_norm=0.000112 lr=6.27e-6
[2026-03-09 16:12:53]   lr_groups(eqv): p_net=1.25e-6 mech_raw=6.27e-6 | base=6.27e-6
[2026-03-09 16:12:53]   grad_groups(raw): p_net=0.000558 mech_raw=0.0
[2026-03-09 16:12:53]   grad_norm_raw=0.000558 grad_norm_scaled=0.000112 | scale[p_net=0.2, mech_raw=1.0]
[2026-03-09 16:12:53]   parts: state=6.91e-5 x2dot=8.24e-6 x3r=None cont=None l2=None
[2026-03-09 16:12:53]   rec: x1=1.69% x3=45.07%
[2026-03-09 16:12:53]   nn: F_hertz err=96.81%
[2026-03-09 16:12:53]   nn raw: min=-4.41e-7 max=7.67e-6 span=8.11e-6 mean=1.71e-6 neg=26.0%
[2026-03-09 16:12:53]   mech: ks=0.171 (err=71.05%) cs=3.19e-7 (err=32.8%)
[2026-03-09 16:12:57]   adam-vs-raw: dL_adam=6.55e-7 dL_raw=4.66e-7 | step_norm_adam=6.75e-6 step_norm_raw=6.75e-6
[2026-03-09 16:12:57]   adam-vs-raw terms: adam[t1=-3.76e-9, t2=6.59e-7] raw[t1=-3.76e-9, t2=4.7e-7]
[2026-03-09 16:13:05]   mech-grad AD(raw): [1]=0.0000000000000000e+00 [2]=0.0000000000000000e+00
[2026-03-09 16:13:05]   mech-grad FD(raw): [1]=3.7962106506285193e-03 [2]=-1.2421361769062259e-02 | h=[3.3701176431918566e-06, 2.8576452269056823e-06]
[2026-03-09 16:13:05]   mech-bound slope dp/draw: ks=1.6052662378137914e-01 cs=2.5413467945630749e-07
[2026-03-09 16:13:05]   mech-grad AD-FD diff(raw): [1]=-3.7962106506285193e-03 [2]=1.2421361769062259e-02
[2026-03-09 16:13:09]   adam-group-probe: dL_full=6.55e-7 dL_net=5.47e-7 dL_mech=1.55e-9 cross=1.06e-7
[2026-03-09 16:13:09]   adam-group-step-norms: full=6.75e-6 net=6.75e-6 mech=1.97e-12
[2026-03-09 16:13:11]   step-guard retry 1/6 -- reason=step_trial_loss_jump | lr=5.12e-6 | scale[p_net=0.2, mech_raw=1.0]
[2026-03-09 16:13:13]   step-guard: accepted after 1 retry/reduction(s) | lr=5.12e-6 | trial_loss=7.767e-5
[2026-03-09 16:15:20] Stage2 epoch 59 train=7.767e-5
[2026-03-09 16:15:20]   grad_norm=0.000112 lr=5.12e-6
[2026-03-09 16:15:20]   lr_groups(eqv): p_net=1.02e-6 mech_raw=5.12e-6 | base=5.12e-6
[2026-03-09 16:15:20]   grad_groups(raw): p_net=0.00056 mech_raw=0.0
[2026-03-09 16:15:20]   grad_norm_raw=0.00056 grad_norm_scaled=0.000112 | scale[p_net=0.2, mech_raw=1.0]
[2026-03-09 16:15:20]   parts: state=6.94e-5 x2dot=8.27e-6 x3r=None cont=None l2=None
[2026-03-09 16:15:20]   rec: x1=1.69% x3=45.1%
[2026-03-09 16:15:20]   nn: F_hertz err=96.75%
[2026-03-09 16:15:20]   nn raw: min=-4.32e-7 max=7.64e-6 span=8.07e-6 mean=1.72e-6 neg=25.74%
[2026-03-09 16:15:20]   mech: ks=0.171 (err=71.05%) cs=3.19e-7 (err=32.8%)
[2026-03-09 16:15:24]   adam-vs-raw: dL_adam=3.54e-7 dL_raw=5.73e-7 | step_norm_adam=5.53e-6 step_norm_raw=5.53e-6
[2026-03-09 16:15:24]   adam-vs-raw terms: adam[t1=-3.09e-9, t2=3.57e-7] raw[t1=-3.09e-9, t2=5.76e-7]
[2026-03-09 16:15:32]   mech-grad AD(raw): [1]=0.0000000000000000e+00 [2]=0.0000000000000000e+00
[2026-03-09 16:15:32]   mech-grad FD(raw): [1]=2.0139887431399783e-02 [2]=-3.7498082116688210e-02 | h=[3.3701176431929912e-06, 2.8576452269068169e-06]
[2026-03-09 16:15:32]   mech-bound slope dp/draw: ks=1.6052662378120908e-01 cs=2.5413467945605042e-07
[2026-03-09 16:15:32]   mech-grad AD-FD diff(raw): [1]=-2.0139887431399783e-02 [2]=3.7498082116688210e-02
[2026-03-09 16:15:37]   adam-group-probe: dL_full=3.54e-7 dL_net=3.44e-7 dL_mech=1.05e-7 cross=-9.49e-8
[2026-03-09 16:15:37]   adam-group-step-norms: full=5.53e-6 net=5.53e-6 mech=1.44e-12
[2026-03-09 16:15:39]   step-guard retry 1/6 -- reason=step_trial_loss_jump | lr=4.31e-6 | scale[p_net=0.2, mech_raw=1.0]
[2026-03-09 16:15:41]   step-guard: accepted after 1 retry/reduction(s) | lr=4.31e-6 | trial_loss=7.809e-5
[2026-03-09 16:17:58] Stage2 epoch 60 train=7.809e-5
[2026-03-09 16:17:58]   grad_norm=0.000112 lr=4.31e-6
[2026-03-09 16:17:58]   lr_groups(eqv): p_net=8.62e-7 mech_raw=4.31e-6 | base=4.31e-6
[2026-03-09 16:17:58]   grad_groups(raw): p_net=0.000561 mech_raw=0.0
[2026-03-09 16:17:58]   grad_norm_raw=0.000561 grad_norm_scaled=0.000112 | scale[p_net=0.2, mech_raw=1.0]
[2026-03-09 16:17:58]   parts: state=6.98e-5 x2dot=8.31e-6 x3r=None cont=None l2=None
[2026-03-09 16:17:58]   rec: x1=1.7% x3=45.12%
[2026-03-09 16:17:58]   nn: F_hertz err=96.69%
[2026-03-09 16:17:58]   nn raw: min=-4.24e-7 max=7.61e-6 span=8.03e-6 mean=1.73e-6 neg=25.49%
[2026-03-09 16:17:58]   mech: ks=0.171 (err=71.05%) cs=3.19e-7 (err=32.8%)
[2026-03-09 16:18:02]   adam-vs-raw: dL_adam=3.01e-7 dL_raw=3.09e-7 | step_norm_adam=4.68e-6 step_norm_raw=4.68e-6
[2026-03-09 16:18:02]   adam-vs-raw terms: adam[t1=-2.62e-9, t2=3.04e-7] raw[t1=-2.62e-9, t2=3.11e-7]
[2026-03-09 16:18:10]   mech-grad AD(raw): [1]=0.0000000000000000e+00 [2]=0.0000000000000000e+00
[2026-03-09 16:18:10]   mech-grad FD(raw): [1]=2.3894567528365857e-02 [2]=-1.1096945608644044e-02 | h=[3.3701176431938518e-06, 2.8576452269076775e-06]
[2026-03-09 16:18:10]   mech-bound slope dp/draw: ks=1.6052662378108010e-01 cs=2.5413467945585550e-07
[2026-03-09 16:18:10]   mech-grad AD-FD diff(raw): [1]=-2.3894567528365857e-02 [2]=1.1096945608644044e-02
[2026-03-09 16:18:14]   adam-group-probe: dL_full=3.01e-7 dL_net=3.96e-7 dL_mech=4.81e-8 cross=-1.42e-7
[2026-03-09 16:18:14]   adam-group-step-norms: full=4.68e-6 net=4.68e-6 mech=1.1e-12
[2026-03-09 16:18:16]   step-guard retry 1/6 -- reason=step_trial_loss_jump | lr=3.75e-6 | scale[p_net=0.2, mech_raw=1.0]
[2026-03-09 16:18:18]   step-guard: accepted after 1 retry/reduction(s) | lr=3.75e-6 | trial_loss=7.84e-5
[2026-03-09 16:20:23] Stage2 epoch 61 train=7.84e-5
[2026-03-09 16:20:23]   grad_norm=0.000113 lr=3.75e-6
[2026-03-09 16:20:23]   lr_groups(eqv): p_net=7.5e-7 mech_raw=3.75e-6 | base=3.75e-6
[2026-03-09 16:20:23]   grad_groups(raw): p_net=0.000563 mech_raw=0.0
[2026-03-09 16:20:23]   grad_norm_raw=0.000563 grad_norm_scaled=0.000113 | scale[p_net=0.2, mech_raw=1.0]
[2026-03-09 16:20:23]   parts: state=7.01e-5 x2dot=8.33e-6 x3r=None cont=None l2=None
[2026-03-09 16:20:23]   rec: x1=1.7% x3=45.14%
[2026-03-09 16:20:23]   nn: F_hertz err=96.64%
[2026-03-09 16:20:23]   nn raw: min=-4.17e-7 max=7.59e-6 span=8.01e-6 mean=1.73e-6 neg=25.29%
[2026-03-09 16:20:23]   mech: ks=0.171 (err=71.05%) cs=3.19e-7 (err=32.8%)
[2026-03-09 16:20:27]   adam-vs-raw: dL_adam=4.48e-7 dL_raw=5.14e-7 | step_norm_adam=4.08e-6 step_norm_raw=4.08e-6
[2026-03-09 16:20:27]   adam-vs-raw terms: adam[t1=-2.3e-9, t2=4.5e-7] raw[t1=-2.3e-9, t2=5.17e-7]
[2026-03-09 16:20:36]   mech-grad AD(raw): [1]=0.0000000000000000e+00 [2]=0.0000000000000000e+00
[2026-03-09 16:20:36]   mech-grad FD(raw): [1]=-9.2418568868325463e-03 [2]=4.3171252771241897e-03 | h=[3.3701176431945256e-06, 2.8576452269083513e-06]
[2026-03-09 16:20:36]   mech-bound slope dp/draw: ks=1.6052662378097915e-01 cs=2.5413467945570287e-07
[2026-03-09 16:20:36]   mech-grad AD-FD diff(raw): [1]=9.2418568868325463e-03 [2]=-4.3171252771241897e-03
[2026-03-09 16:20:40]   adam-group-probe: dL_full=4.48e-7 dL_net=2.99e-7 dL_mech=-5.23e-8 cross=2.01e-7
[2026-03-09 16:20:40]   adam-group-step-norms: full=4.08e-6 net=4.08e-6 mech=8.58e-13
[2026-03-09 16:20:42]   step-guard retry 1/6 -- reason=step_trial_loss_jump | lr=3.37e-6 | scale[p_net=0.2, mech_raw=1.0]
[2026-03-09 16:20:44]   step-guard: accepted after 1 retry/reduction(s) | lr=3.37e-6 | trial_loss=7.878e-5
[2026-03-09 16:22:51] Stage2 epoch 62 train=7.878e-5
[2026-03-09 16:22:51]   grad_norm=0.000113 lr=3.37e-6
[2026-03-09 16:22:51]   lr_groups(eqv): p_net=6.74e-7 mech_raw=3.37e-6 | base=3.37e-6
[2026-03-09 16:22:51]   grad_groups(raw): p_net=0.000564 mech_raw=0.0
[2026-03-09 16:22:51]   grad_norm_raw=0.000564 grad_norm_scaled=0.000113 | scale[p_net=0.2, mech_raw=1.0]
[2026-03-09 16:22:51]   parts: state=7.04e-5 x2dot=8.36e-6 x3r=None cont=None l2=None
[2026-03-09 16:22:51]   rec: x1=1.7% x3=45.16%
[2026-03-09 16:22:51]   nn: F_hertz err=96.6%
[2026-03-09 16:22:51]   nn raw: min=-4.11e-7 max=7.57e-6 span=7.98e-6 mean=1.74e-6 neg=25.11%
[2026-03-09 16:22:51]   mech: ks=0.171 (err=71.05%) cs=3.19e-7 (err=32.8%)
[2026-03-09 16:22:55]   adam-vs-raw: dL_adam=2.65e-7 dL_raw=1.58e-7 | step_norm_adam=3.68e-6 step_norm_raw=3.68e-6
[2026-03-09 16:22:55]   adam-vs-raw terms: adam[t1=-2.08e-9, t2=2.67e-7] raw[t1=-2.08e-9, t2=1.6e-7]
[2026-03-09 16:23:03]   mech-grad AD(raw): [1]=0.0000000000000000e+00 [2]=0.0000000000000000e+00
[2026-03-09 16:23:03]   mech-grad FD(raw): [1]=-6.2646896499429878e-03 [2]=8.0372934467061400e-03 | h=[3.3701176431950699e-06, 2.8576452269088959e-06]
[2026-03-09 16:23:03]   mech-bound slope dp/draw: ks=1.6052662378089755e-01 cs=2.5413467945557952e-07
[2026-03-09 16:23:03]   mech-grad AD-FD diff(raw): [1]=6.2646896499429878e-03 [2]=-8.0372934467061400e-03
[2026-03-09 16:23:08]   adam-group-probe: dL_full=2.65e-7 dL_net=2.98e-7 dL_mech=-1.13e-7 cross=7.91e-8
[2026-03-09 16:23:08]   adam-group-step-norms: full=3.68e-6 net=3.68e-6 mech=6.93e-13
[2026-03-09 16:23:10]   step-guard retry 1/6 -- reason=step_trial_loss_jump | lr=3.12e-6 | scale[p_net=0.2, mech_raw=1.0]
[2026-03-09 16:23:12]   step-guard: accepted after 1 retry/reduction(s) | lr=3.12e-6 | trial_loss=7.897e-5
[2026-03-09 16:25:32] Stage2 epoch 63 train=7.897e-5
[2026-03-09 16:25:32]   grad_norm=0.000113 lr=3.12e-6
[2026-03-09 16:25:32]   lr_groups(eqv): p_net=6.24e-7 mech_raw=3.12e-6 | base=3.12e-6
[2026-03-09 16:25:32]   grad_groups(raw): p_net=0.000565 mech_raw=0.0
[2026-03-09 16:25:32]   grad_norm_raw=0.000565 grad_norm_scaled=0.000113 | scale[p_net=0.2, mech_raw=1.0]
[2026-03-09 16:25:32]   parts: state=7.06e-5 x2dot=8.38e-6 x3r=None cont=None l2=None
[2026-03-09 16:25:32]   rec: x1=1.71% x3=45.17%
[2026-03-09 16:25:32]   nn: F_hertz err=96.56%
[2026-03-09 16:25:32]   nn raw: min=-4.06e-7 max=7.55e-6 span=7.95e-6 mean=1.74e-6 neg=24.92%
[2026-03-09 16:25:32]   mech: ks=0.171 (err=71.05%) cs=3.19e-7 (err=32.8%)
[2026-03-09 16:25:36]   adam-vs-raw: dL_adam=3.51e-7 dL_raw=3.18e-7 | step_norm_adam=3.42e-6 step_norm_raw=3.42e-6
[2026-03-09 16:25:36]   adam-vs-raw terms: adam[t1=-1.93e-9, t2=3.53e-7] raw[t1=-1.93e-9, t2=3.2e-7]
[2026-03-09 16:25:45]   mech-grad AD(raw): [1]=0.0000000000000000e+00 [2]=0.0000000000000000e+00
[2026-03-09 16:25:45]   mech-grad FD(raw): [1]=2.0919352000560245e-04 [2]=2.6663604288228913e-03 | h=[3.3701176431955239e-06, 2.8576452269093495e-06]
[2026-03-09 16:25:45]   mech-bound slope dp/draw: ks=1.6052662378082955e-01 cs=2.5413467945547666e-07
[2026-03-09 16:25:45]   mech-grad AD-FD diff(raw): [1]=-2.0919352000560245e-04 [2]=-2.6663604288228913e-03
[2026-03-09 16:25:49]   adam-group-probe: dL_full=3.51e-7 dL_net=2.9e-7 dL_mech=-4.37e-9 cross=6.57e-8
[2026-03-09 16:25:49]   adam-group-step-norms: full=3.42e-6 net=3.42e-6 mech=5.78e-13
[2026-03-09 16:25:51]   step-guard retry 1/6 -- reason=step_trial_loss_jump | lr=2.98e-6 | scale[p_net=0.2, mech_raw=1.0]
[2026-03-09 16:25:53]   step-guard: accepted after 1 retry/reduction(s) | lr=2.98e-6 | trial_loss=7.916e-5
[2026-03-09 16:28:04] Stage2 epoch 64 train=7.916e-5
[2026-03-09 16:28:04]   grad_norm=0.000113 lr=2.98e-6
[2026-03-09 16:28:04]   lr_groups(eqv): p_net=5.96e-7 mech_raw=2.98e-6 | base=2.98e-6
[2026-03-09 16:28:04]   grad_groups(raw): p_net=0.000566 mech_raw=0.0
[2026-03-09 16:28:04]   grad_norm_raw=0.000566 grad_norm_scaled=0.000113 | scale[p_net=0.2, mech_raw=1.0]
[2026-03-09 16:28:04]   parts: state=7.08e-5 x2dot=8.39e-6 x3r=None cont=None l2=None
[2026-03-09 16:28:04]   rec: x1=1.71% x3=45.19%
[2026-03-09 16:28:04]   nn: F_hertz err=96.52%
[2026-03-09 16:28:04]   nn raw: min=-4.0e-7 max=7.53e-6 span=7.93e-6 mean=1.75e-6 neg=24.73%
[2026-03-09 16:28:04]   mech: ks=0.171 (err=71.05%) cs=3.19e-7 (err=32.8%)
[2026-03-09 16:28:09]   adam-vs-raw: dL_adam=2.77e-7 dL_raw=2.84e-7 | step_norm_adam=3.28e-6 step_norm_raw=3.28e-6
[2026-03-09 16:28:09]   adam-vs-raw terms: adam[t1=-1.86e-9, t2=2.79e-7] raw[t1=-1.86e-9, t2=2.86e-7]
[2026-03-09 16:28:17]   mech-grad AD(raw): [1]=0.0000000000000000e+00 [2]=0.0000000000000000e+00
[2026-03-09 16:28:17]   mech-grad FD(raw): [1]=-2.2060746864109658e-02 [2]=2.0575188699306409e-02 | h=[3.3701176431959144e-06, 2.8576452269097400e-06]
[2026-03-09 16:28:17]   mech-bound slope dp/draw: ks=1.6052662378077104e-01 cs=2.5413467945538825e-07
[2026-03-09 16:28:17]   mech-grad AD-FD diff(raw): [1]=2.2060746864109658e-02 [2]=-2.0575188699306409e-02
[2026-03-09 16:28:21]   adam-group-probe: dL_full=2.77e-7 dL_net=1.3e-7 dL_mech=1.01e-7 cross=4.61e-8
[2026-03-09 16:28:21]   adam-group-step-norms: full=3.28e-6 net=3.28e-6 mech=4.97e-13
[2026-03-09 16:28:23]   step-guard retry 1/6 -- reason=step_trial_loss_jump | lr=2.93e-6 | scale[p_net=0.2, mech_raw=1.0]
[2026-03-09 16:28:25]   step-guard: accepted after 1 retry/reduction(s) | lr=2.93e-6 | trial_loss=7.952e-5
[2026-03-09 16:30:39] Stage2 epoch 65 train=7.952e-5
[2026-03-09 16:30:39]   grad_norm=0.000113 lr=2.93e-6
[2026-03-09 16:30:39]   lr_groups(eqv): p_net=5.87e-7 mech_raw=2.93e-6 | base=2.93e-6
[2026-03-09 16:30:39]   grad_groups(raw): p_net=0.000567 mech_raw=0.0
[2026-03-09 16:30:39]   grad_norm_raw=0.000567 grad_norm_scaled=0.000113 | scale[p_net=0.2, mech_raw=1.0]
[2026-03-09 16:30:39]   parts: state=7.11e-5 x2dot=8.43e-6 x3r=None cont=None l2=None
[2026-03-09 16:30:39]   rec: x1=1.71% x3=45.2%
[2026-03-09 16:30:39]   nn: F_hertz err=96.48%
[2026-03-09 16:30:39]   nn raw: min=-3.95e-7 max=7.51e-6 span=7.91e-6 mean=1.75e-6 neg=24.56%
[2026-03-09 16:30:39]   mech: ks=0.171 (err=71.05%) cs=3.19e-7 (err=32.8%)
[2026-03-09 16:30:43]   adam-vs-raw: dL_adam=3.52e-7 dL_raw=3.52e-7 | step_norm_adam=3.24e-6 step_norm_raw=3.24e-6
[2026-03-09 16:30:43]   adam-vs-raw terms: adam[t1=-1.84e-9, t2=3.54e-7] raw[t1=-1.84e-9, t2=3.54e-7]
[2026-03-09 16:30:51]   mech-grad AD(raw): [1]=0.0000000000000000e+00 [2]=0.0000000000000000e+00
[2026-03-09 16:30:51]   mech-grad FD(raw): [1]=7.5911058902406797e-03 [2]=-9.1899641592127837e-03 | h=[3.3701176431962599e-06, 2.8576452269100860e-06]
[2026-03-09 16:30:51]   mech-bound slope dp/draw: ks=1.6052662378071919e-01 cs=2.5413467945530990e-07
[2026-03-09 16:30:51]   mech-grad AD-FD diff(raw): [1]=-7.5911058902406797e-03 [2]=9.1899641592127837e-03
[2026-03-09 16:30:55]   adam-group-probe: dL_full=3.52e-7 dL_net=2.79e-7 dL_mech=-8.46e-8 cross=1.58e-7
[2026-03-09 16:30:55]   adam-group-step-norms: full=3.24e-6 net=3.24e-6 mech=4.4e-13
[2026-03-09 16:30:58]   step-guard retry 1/6 -- reason=step_trial_loss_jump | lr=2.97e-6 | scale[p_net=0.2, mech_raw=1.0]
[2026-03-09 16:31:00]   step-guard: accepted after 1 retry/reduction(s) | lr=2.97e-6 | trial_loss=7.994e-5
[2026-03-09 16:33:13] Stage2 epoch 66 train=7.994e-5
[2026-03-09 16:33:13]   grad_norm=0.000114 lr=2.97e-6
[2026-03-09 16:33:13]   lr_groups(eqv): p_net=5.95e-7 mech_raw=2.97e-6 | base=2.97e-6
[2026-03-09 16:33:13]   grad_groups(raw): p_net=0.000569 mech_raw=0.0
[2026-03-09 16:33:13]   grad_norm_raw=0.000569 grad_norm_scaled=0.000114 | scale[p_net=0.2, mech_raw=1.0]
[2026-03-09 16:33:13]   parts: state=7.15e-5 x2dot=8.47e-6 x3r=None cont=None l2=None
[2026-03-09 16:33:13]   rec: x1=1.72% x3=45.22%
[2026-03-09 16:33:13]   nn: F_hertz err=96.44%
[2026-03-09 16:33:13]   nn raw: min=-3.9e-7 max=7.49e-6 span=7.88e-6 mean=1.75e-6 neg=24.44%
[2026-03-09 16:33:13]   mech: ks=0.171 (err=71.05%) cs=3.19e-7 (err=32.8%)
[2026-03-09 16:33:17]   adam-vs-raw: dL_adam=1.71e-7 dL_raw=1.96e-8 | step_norm_adam=3.29e-6 step_norm_raw=3.29e-6
[2026-03-09 16:33:17]   adam-vs-raw terms: adam[t1=-1.87e-9, t2=1.73e-7] raw[t1=-1.87e-9, t2=2.15e-8]
[2026-03-09 16:33:25]   mech-grad AD(raw): [1]=0.0000000000000000e+00 [2]=0.0000000000000000e+00
[2026-03-09 16:33:25]   mech-grad FD(raw): [1]=1.6362210431510701e-02 [2]=-5.4172838085362095e-03 | h=[3.3701176431965755e-06, 2.8576452269104011e-06]
[2026-03-09 16:33:25]   mech-bound slope dp/draw: ks=1.6052662378067198e-01 cs=2.5413467945523843e-07
[2026-03-09 16:33:25]   mech-grad AD-FD diff(raw): [1]=-1.6362210431510701e-02 [2]=5.4172838085362095e-03
[2026-03-09 16:33:29]   adam-group-probe: dL_full=1.71e-7 dL_net=-1.1e-7 dL_mech=-1.12e-7 cross=3.93e-7
[2026-03-09 16:33:29]   adam-group-step-norms: full=3.29e-6 net=3.29e-6 mech=4.01e-13
[2026-03-09 16:33:31]   step-guard retry 1/6 -- reason=step_trial_loss_jump | lr=3.1e-6 | scale[p_net=0.2, mech_raw=1.0]
[2026-03-09 16:33:33]   step-guard: accepted after 1 retry/reduction(s) | lr=3.1e-6 | trial_loss=8.004e-5
[2026-03-09 16:35:53] Stage2 epoch 67 train=8.004e-5
[2026-03-09 16:35:53]   grad_norm=0.000114 lr=3.1e-6
[2026-03-09 16:35:53]   lr_groups(eqv): p_net=6.2e-7 mech_raw=3.1e-6 | base=3.1e-6
[2026-03-09 16:35:53]   grad_groups(raw): p_net=0.00057 mech_raw=0.0
[2026-03-09 16:35:53]   grad_norm_raw=0.00057 grad_norm_scaled=0.000114 | scale[p_net=0.2, mech_raw=1.0]
[2026-03-09 16:35:53]   parts: state=7.16e-5 x2dot=8.47e-6 x3r=None cont=None l2=None
[2026-03-09 16:35:53]   rec: x1=1.72% x3=45.23%
[2026-03-09 16:35:53]   nn: F_hertz err=96.4%
[2026-03-09 16:35:53]   nn raw: min=-3.85e-7 max=7.47e-6 span=7.86e-6 mean=1.76e-6 neg=24.26%
[2026-03-09 16:35:53]   mech: ks=0.171 (err=71.05%) cs=3.19e-7 (err=32.8%)
[2026-03-09 16:35:57]   adam-vs-raw: dL_adam=1.41e-7 dL_raw=2.78e-7 | step_norm_adam=3.44e-6 step_norm_raw=3.44e-6
[2026-03-09 16:35:57]   adam-vs-raw terms: adam[t1=-1.96e-9, t2=1.43e-7] raw[t1=-1.96e-9, t2=2.8e-7]
[2026-03-09 16:36:06]   mech-grad AD(raw): [1]=0.0000000000000000e+00 [2]=0.0000000000000000e+00
[2026-03-09 16:36:06]   mech-grad FD(raw): [1]=3.3296305990094074e-02 [2]=1.7792457149413909e-02 | h=[3.3701176431968715e-06, 2.8576452269106975e-06]
[2026-03-09 16:36:06]   mech-bound slope dp/draw: ks=1.6052662378062757e-01 cs=2.5413467945517136e-07
[2026-03-09 16:36:06]   mech-grad AD-FD diff(raw): [1]=-3.3296305990094074e-02 [2]=-1.7792457149413909e-02
[2026-03-09 16:36:10]   adam-group-probe: dL_full=1.41e-7 dL_net=2.54e-7 dL_mech=1.59e-7 cross=-2.72e-7
[2026-03-09 16:36:10]   adam-group-step-norms: full=3.44e-6 net=3.44e-6 mech=3.77e-13
[2026-03-09 16:36:12]   step-guard retry 1/6 -- reason=step_trial_loss_jump | lr=3.33e-6 | scale[p_net=0.2, mech_raw=1.0]
[2026-03-09 16:36:14]   step-guard: accepted after 1 retry/reduction(s) | lr=3.33e-6 | trial_loss=8.033e-5
[2026-03-09 16:38:27] Stage2 epoch 68 train=8.033e-5
[2026-03-09 16:38:27]   grad_norm=0.000114 lr=3.33e-6
[2026-03-09 16:38:27]   lr_groups(eqv): p_net=6.65e-7 mech_raw=3.33e-6 | base=3.33e-6
[2026-03-09 16:38:27]   grad_groups(raw): p_net=0.00057 mech_raw=0.0
[2026-03-09 16:38:27]   grad_norm_raw=0.00057 grad_norm_scaled=0.000114 | scale[p_net=0.2, mech_raw=1.0]
[2026-03-09 16:38:27]   parts: state=7.18e-5 x2dot=8.5e-6 x3r=None cont=None l2=None
[2026-03-09 16:38:27]   rec: x1=1.72% x3=45.25%
[2026-03-09 16:38:27]   nn: F_hertz err=96.36%
[2026-03-09 16:38:27]   nn raw: min=-3.79e-7 max=7.45e-6 span=7.83e-6 mean=1.76e-6 neg=24.04%
[2026-03-09 16:38:27]   mech: ks=0.171 (err=71.05%) cs=3.19e-7 (err=32.8%)
[2026-03-09 16:38:31]   adam-vs-raw: dL_adam=3.87e-7 dL_raw=1.95e-7 | step_norm_adam=3.7e-6 step_norm_raw=3.7e-6
[2026-03-09 16:38:31]   adam-vs-raw terms: adam[t1=-2.11e-9, t2=3.89e-7] raw[t1=-2.11e-9, t2=1.97e-7]
[2026-03-09 16:38:39]   mech-grad AD(raw): [1]=0.0000000000000000e+00 [2]=0.0000000000000000e+00
[2026-03-09 16:38:39]   mech-grad FD(raw): [1]=-1.4503890888576440e-02 [2]=-5.9901538897603433e-02 | h=[3.3701176431971578e-06, 2.8576452269109834e-06]
[2026-03-09 16:38:39]   mech-bound slope dp/draw: ks=1.6052662378058472e-01 cs=2.5413467945510656e-07
[2026-03-09 16:38:39]   mech-grad AD-FD diff(raw): [1]=1.4503890888576440e-02 [2]=5.9901538897603433e-02
[2026-03-09 16:38:43]   adam-group-probe: dL_full=3.87e-7 dL_net=3.88e-7 dL_mech=4.24e-8 cross=-4.37e-8
[2026-03-09 16:38:43]   adam-group-step-norms: full=3.7e-6 net=3.7e-6 mech=3.64e-13
[2026-03-09 16:38:45]   step-guard retry 1/6 -- reason=step_trial_loss_jump | lr=3.67e-6 | scale[p_net=0.2, mech_raw=1.0]
[2026-03-09 16:38:47]   step-guard: accepted after 1 retry/reduction(s) | lr=3.67e-6 | trial_loss=8.053e-5
[2026-03-09 16:41:02] Stage2 epoch 69 train=8.053e-5
[2026-03-09 16:41:02]   grad_norm=0.000114 lr=3.67e-6
[2026-03-09 16:41:02]   lr_groups(eqv): p_net=7.33e-7 mech_raw=3.67e-6 | base=3.67e-6
[2026-03-09 16:41:02]   grad_groups(raw): p_net=0.000571 mech_raw=0.0
[2026-03-09 16:41:02]   grad_norm_raw=0.000571 grad_norm_scaled=0.000114 | scale[p_net=0.2, mech_raw=1.0]
[2026-03-09 16:41:02]   parts: state=7.2e-5 x2dot=8.51e-6 x3r=None cont=None l2=None
[2026-03-09 16:41:02]   rec: x1=1.72% x3=45.27%
[2026-03-09 16:41:02]   nn: F_hertz err=96.31%
[2026-03-09 16:41:02]   nn raw: min=-3.72e-7 max=7.43e-6 span=7.8e-6 mean=1.77e-6 neg=23.8%
[2026-03-09 16:41:02]   mech: ks=0.171 (err=71.05%) cs=3.19e-7 (err=32.8%)
[2026-03-09 16:41:06]   adam-vs-raw: dL_adam=4.7e-7 dL_raw=3.27e-7 | step_norm_adam=4.09e-6 step_norm_raw=4.09e-6
[2026-03-09 16:41:06]   adam-vs-raw terms: adam[t1=-2.34e-9, t2=4.72e-7] raw[t1=-2.34e-9, t2=3.29e-7]
[2026-03-09 16:41:14]   mech-grad AD(raw): [1]=0.0000000000000000e+00 [2]=0.0000000000000000e+00
[2026-03-09 16:41:14]   mech-grad FD(raw): [1]=1.3261014923397142e-03 [2]=2.5233308716516554e-02 | h=[3.3701176431974416e-06, 2.8576452269112672e-06]
[2026-03-09 16:41:14]   mech-bound slope dp/draw: ks=1.6052662378054219e-01 cs=2.5413467945504229e-07
[2026-03-09 16:41:14]   mech-grad AD-FD diff(raw): [1]=-1.3261014923397142e-03 [2]=-2.5233308716516554e-02
[2026-03-09 16:41:18]   adam-group-probe: dL_full=4.7e-7 dL_net=5.76e-7 dL_mech=1.21e-7 cross=-2.27e-7
[2026-03-09 16:41:18]   adam-group-step-norms: full=4.09e-6 net=4.09e-6 mech=3.61e-13
[2026-03-09 16:41:20]   step-guard retry 1/6 -- reason=step_trial_loss_jump | lr=4.15e-6 | scale[p_net=0.2, mech_raw=1.0]
[2026-03-09 16:41:22]   step-guard: accepted after 1 retry/reduction(s) | lr=4.15e-6 | trial_loss=8.097e-5
[2026-03-09 16:43:34] Stage2 epoch 70 train=8.097e-5
[2026-03-09 16:43:34]   grad_norm=0.000115 lr=4.15e-6
[2026-03-09 16:43:34]   lr_groups(eqv): p_net=8.3e-7 mech_raw=4.15e-6 | base=4.15e-6
[2026-03-09 16:43:34]   grad_groups(raw): p_net=0.000573 mech_raw=0.0
[2026-03-09 16:43:34]   grad_norm_raw=0.000573 grad_norm_scaled=0.000115 | scale[p_net=0.2, mech_raw=1.0]
[2026-03-09 16:43:34]   parts: state=7.24e-5 x2dot=8.55e-6 x3r=None cont=None l2=None
[2026-03-09 16:43:34]   rec: x1=1.73% x3=45.29%
[2026-03-09 16:43:34]   nn: F_hertz err=96.26%
[2026-03-09 16:43:34]   nn raw: min=-3.65e-7 max=7.41e-6 span=7.77e-6 mean=1.77e-6 neg=23.61%
[2026-03-09 16:43:34]   mech: ks=0.171 (err=71.05%) cs=3.19e-7 (err=32.8%)
[2026-03-09 16:43:38]   adam-vs-raw: dL_adam=4.73e-7 dL_raw=5.96e-7 | step_norm_adam=4.65e-6 step_norm_raw=4.65e-6
[2026-03-09 16:43:38]   adam-vs-raw terms: adam[t1=-2.66e-9, t2=4.76e-7] raw[t1=-2.66e-9, t2=5.99e-7]
[2026-03-09 16:43:46]   mech-grad AD(raw): [1]=0.0000000000000000e+00 [2]=0.0000000000000000e+00
[2026-03-09 16:43:46]   mech-grad FD(raw): [1]=-1.2625854846221293e-02 [2]=-4.0973617693137440e-02 | h=[3.3701176431977300e-06, 2.8576452269115560e-06]
[2026-03-09 16:43:46]   mech-bound slope dp/draw: ks=1.6052662378049895e-01 cs=2.5413467945497686e-07
[2026-03-09 16:43:46]   mech-grad AD-FD diff(raw): [1]=1.2625854846221293e-02 [2]=4.0973617693137440e-02
[2026-03-09 16:43:50]   adam-group-probe: dL_full=4.73e-7 dL_net=4.92e-7 dL_mech=1.56e-7 cross=-1.75e-7
[2026-03-09 16:43:50]   adam-group-step-norms: full=4.65e-6 net=4.65e-6 mech=3.67e-13
[2026-03-09 16:43:52]   step-guard retry 1/6 -- reason=step_trial_loss_jump | lr=4.82e-6 | scale[p_net=0.2, mech_raw=1.0]
[2026-03-09 16:43:54]   step-guard: accepted after 1 retry/reduction(s) | lr=4.82e-6 | trial_loss=8.156e-5
[2026-03-09 16:46:34] Stage2 epoch 71 train=8.156e-5
[2026-03-09 16:46:34]   grad_norm=0.000115 lr=4.82e-6
[2026-03-09 16:46:34]   lr_groups(eqv): p_net=9.64e-7 mech_raw=4.82e-6 | base=4.82e-6
[2026-03-09 16:46:34]   grad_groups(raw): p_net=0.000576 mech_raw=0.0
[2026-03-09 16:46:34]   grad_norm_raw=0.000576 grad_norm_scaled=0.000115 | scale[p_net=0.2, mech_raw=1.0]
[2026-03-09 16:46:34]   parts: state=7.29e-5 x2dot=8.61e-6 x3r=None cont=None l2=None
[2026-03-09 16:46:34]   rec: x1=1.74% x3=45.32%
[2026-03-09 16:46:34]   nn: F_hertz err=96.2%
[2026-03-09 16:46:34]   nn raw: min=-3.57e-7 max=7.37e-6 span=7.73e-6 mean=1.78e-6 neg=23.3%
[2026-03-09 16:46:34]   mech: ks=0.171 (err=71.05%) cs=3.19e-7 (err=32.8%)
[2026-03-09 16:46:38]   adam-vs-raw: dL_adam=2.93e-7 dL_raw=5.56e-7 | step_norm_adam=5.41e-6 step_norm_raw=5.41e-6
[2026-03-09 16:46:38]   adam-vs-raw terms: adam[t1=-3.12e-9, t2=2.96e-7] raw[t1=-3.12e-9, t2=5.59e-7]
[2026-03-09 16:46:46]   mech-grad AD(raw): [1]=0.0000000000000000e+00 [2]=0.0000000000000000e+00
[2026-03-09 16:46:46]   mech-grad FD(raw): [1]=-1.3518073267073017e-02 [2]=-9.8423200118767339e-03 | h=[3.3701176431980319e-06, 2.8576452269118580e-06]
[2026-03-09 16:46:46]   mech-bound slope dp/draw: ks=1.6052662378045368e-01 cs=2.5413467945490851e-07
[2026-03-09 16:46:46]   mech-grad AD-FD diff(raw): [1]=1.3518073267073017e-02 [2]=9.8423200118767339e-03
[2026-03-09 16:46:50]   adam-group-probe: dL_full=2.93e-7 dL_net=2.23e-7 dL_mech=1.04e-9 cross=6.93e-8
[2026-03-09 16:46:50]   adam-group-step-norms: full=5.41e-6 net=5.41e-6 mech=3.84e-13
[2026-03-09 16:46:52]   step-guard retry 1/6 -- reason=step_trial_loss_jump | lr=5.74e-6 | scale[p_net=0.2, mech_raw=1.0]
[2026-03-09 16:46:54]   step-guard: accepted after 1 retry/reduction(s) | lr=5.74e-6 | trial_loss=8.21e-5
[2026-03-09 16:49:24] Stage2 epoch 72 train=8.21e-5
[2026-03-09 16:49:24]   grad_norm=0.000116 lr=5.74e-6
[2026-03-09 16:49:24]   lr_groups(eqv): p_net=1.15e-6 mech_raw=5.74e-6 | base=5.74e-6
[2026-03-09 16:49:24]   grad_groups(raw): p_net=0.000578 mech_raw=0.0
[2026-03-09 16:49:24]   grad_norm_raw=0.000578 grad_norm_scaled=0.000116 | scale[p_net=0.2, mech_raw=1.0]
[2026-03-09 16:49:24]   parts: state=7.34e-5 x2dot=8.66e-6 x3r=None cont=None l2=None
[2026-03-09 16:49:24]   rec: x1=1.74% x3=45.35%
[2026-03-09 16:49:24]   nn: F_hertz err=96.13%
[2026-03-09 16:49:24]   nn raw: min=-3.47e-7 max=7.34e-6 span=7.69e-6 mean=1.79e-6 neg=23.01%
[2026-03-09 16:49:24]   mech: ks=0.171 (err=71.05%) cs=3.19e-7 (err=32.8%)
[2026-03-09 16:49:28]   adam-vs-raw: dL_adam=4.7e-7 dL_raw=3.47e-7 | step_norm_adam=6.46e-6 step_norm_raw=6.46e-6
[2026-03-09 16:49:28]   adam-vs-raw terms: adam[t1=-3.73e-9, t2=4.73e-7] raw[t1=-3.73e-9, t2=3.5e-7]
[2026-03-09 16:49:36]   mech-grad AD(raw): [1]=0.0000000000000000e+00 [2]=0.0000000000000000e+00
[2026-03-09 16:49:36]   mech-grad FD(raw): [1]=1.7736845236089215e-02 [2]=-3.5534580909844632e-03 | h=[3.3701176431983555e-06, 2.8576452269121811e-06]
[2026-03-09 16:49:36]   mech-bound slope dp/draw: ks=1.6052662378040522e-01 cs=2.5413467945483524e-07
[2026-03-09 16:49:36]   mech-grad AD-FD diff(raw): [1]=-1.7736845236089215e-02 [2]=3.5534580909844632e-03
[2026-03-09 16:49:40]   adam-group-probe: dL_full=4.7e-7 dL_net=5.3e-7 dL_mech=-3.2e-7 cross=2.6e-7
[2026-03-09 16:49:40]   adam-group-step-norms: full=6.46e-6 net=6.46e-6 mech=4.11e-13
[2026-03-09 16:49:42]   step-guard retry 1/6 -- reason=step_trial_loss_jump | lr=6.99e-6 | scale[p_net=0.2, mech_raw=1.0]
[2026-03-09 16:49:44]   step-guard: accepted after 1 retry/reduction(s) | lr=6.99e-6 | trial_loss=8.262e-5
[2026-03-09 16:52:00] Stage2 epoch 73 train=8.262e-5
[2026-03-09 16:52:00]   grad_norm=0.000116 lr=6.99e-6
[2026-03-09 16:52:00]   lr_groups(eqv): p_net=1.4e-6 mech_raw=6.99e-6 | base=6.99e-6
[2026-03-09 16:52:00]   grad_groups(raw): p_net=0.00058 mech_raw=0.0
[2026-03-09 16:52:00]   grad_norm_raw=0.00058 grad_norm_scaled=0.000116 | scale[p_net=0.2, mech_raw=1.0]
[2026-03-09 16:52:00]   parts: state=7.39e-5 x2dot=8.7e-6 x3r=None cont=None l2=None
[2026-03-09 16:52:00]   rec: x1=1.75% x3=45.38%
[2026-03-09 16:52:00]   nn: F_hertz err=96.04%
[2026-03-09 16:52:00]   nn raw: min=-3.35e-7 max=7.29e-6 span=7.63e-6 mean=1.8e-6 neg=22.58%
[2026-03-09 16:52:00]   mech: ks=0.171 (err=71.05%) cs=3.19e-7 (err=32.8%)
[2026-03-09 16:52:04]   adam-vs-raw: dL_adam=8.82e-7 dL_raw=9.42e-7 | step_norm_adam=7.9e-6 step_norm_raw=7.9e-6
[2026-03-09 16:52:04]   adam-vs-raw terms: adam[t1=-4.58e-9, t2=8.87e-7] raw[t1=-4.58e-9, t2=9.46e-7]
[2026-03-09 16:52:12]   mech-grad AD(raw): [1]=0.0000000000000000e+00 [2]=0.0000000000000000e+00
[2026-03-09 16:52:12]   mech-grad FD(raw): [1]=2.7150138219352032e-04 [2]=1.8711453366498633e-02 | h=[3.3701176431987100e-06, 2.8576452269125360e-06]
[2026-03-09 16:52:12]   mech-bound slope dp/draw: ks=1.6052662378035204e-01 cs=2.5413467945475483e-07
[2026-03-09 16:52:12]   mech-grad AD-FD diff(raw): [1]=-2.7150138219352032e-04 [2]=-1.8711453366498633e-02
[2026-03-09 16:52:16]   adam-group-probe: dL_full=8.82e-7 dL_net=7.23e-7 dL_mech=-2.04e-8 cross=1.79e-7
[2026-03-09 16:52:16]   adam-group-step-norms: full=7.9e-6 net=7.9e-6 mech=4.52e-13
[2026-03-09 16:52:18]   step-guard retry 1/6 -- reason=step_trial_loss_jump | lr=8.72e-6 | scale[p_net=0.2, mech_raw=1.0]
[2026-03-09 16:52:20]   step-guard: accepted after 1 retry/reduction(s) | lr=8.72e-6 | trial_loss=8.36e-5
[2026-03-09 16:54:28] Stage2 epoch 74 train=8.36e-5
[2026-03-09 16:54:28]   grad_norm=0.000117 lr=8.72e-6
[2026-03-09 16:54:28]   lr_groups(eqv): p_net=1.74e-6 mech_raw=8.72e-6 | base=8.72e-6
[2026-03-09 16:54:28]   grad_groups(raw): p_net=0.000583 mech_raw=0.0
[2026-03-09 16:54:28]   grad_norm_raw=0.000583 grad_norm_scaled=0.000117 | scale[p_net=0.2, mech_raw=1.0]
[2026-03-09 16:54:28]   parts: state=7.48e-5 x2dot=8.8e-6 x3r=None cont=None l2=None
[2026-03-09 16:54:28]   rec: x1=1.76% x3=45.43%
[2026-03-09 16:54:28]   nn: F_hertz err=95.93%
[2026-03-09 16:54:28]   nn raw: min=-3.21e-7 max=7.24e-6 span=7.56e-6 mean=1.81e-6 neg=22.07%
[2026-03-09 16:54:28]   mech: ks=0.171 (err=71.05%) cs=3.19e-7 (err=32.8%)
[2026-03-09 16:54:32]   adam-vs-raw: dL_adam=8.85e-7 dL_raw=7.09e-7 | step_norm_adam=9.88e-6 step_norm_raw=9.88e-6
[2026-03-09 16:54:32]   adam-vs-raw terms: adam[t1=-5.76e-9, t2=8.91e-7] raw[t1=-5.76e-9, t2=7.14e-7]
[2026-03-09 16:54:40]   mech-grad AD(raw): [1]=0.0000000000000000e+00 [2]=0.0000000000000000e+00
[2026-03-09 16:54:40]   mech-grad FD(raw): [1]=-3.6668262770276237e-03 [2]=-3.6841368596745562e-02 | h=[3.3701176431991085e-06, 2.8576452269129341e-06]
[2026-03-09 16:54:40]   mech-bound slope dp/draw: ks=1.6052662378029237e-01 cs=2.5413467945466462e-07
[2026-03-09 16:54:40]   mech-grad AD-FD diff(raw): [1]=3.6668262770276237e-03 [2]=3.6841368596745562e-02
[2026-03-09 16:54:44]   adam-group-probe: dL_full=8.85e-7 dL_net=8.81e-7 dL_mech=-4.99e-8 cross=5.4e-8
[2026-03-09 16:54:44]   adam-group-step-norms: full=9.88e-6 net=9.88e-6 mech=5.07e-13
[2026-03-09 16:54:46]   step-guard retry 1/6 -- reason=step_trial_loss_jump | lr=1.11e-5 | scale[p_net=0.2, mech_raw=1.0]
[2026-03-09 16:54:48]   step-guard: accepted after 1 retry/reduction(s) | lr=1.11e-5 | trial_loss=8.453e-5
[2026-03-09 16:57:02] Stage2 epoch 75 train=8.453e-5
[2026-03-09 16:57:02]   grad_norm=0.000117 lr=1.11e-5
[2026-03-09 16:57:02]   lr_groups(eqv): p_net=2.22e-6 mech_raw=1.11e-5 | base=1.11e-5
[2026-03-09 16:57:02]   grad_groups(raw): p_net=0.000587 mech_raw=0.0
[2026-03-09 16:57:02]   grad_norm_raw=0.000587 grad_norm_scaled=0.000117 | scale[p_net=0.2, mech_raw=1.0]
[2026-03-09 16:57:02]   parts: state=7.56e-5 x2dot=8.89e-6 x3r=None cont=None l2=None
[2026-03-09 16:57:02]   rec: x1=1.77% x3=45.49%
[2026-03-09 16:57:02]   nn: F_hertz err=95.8%
[2026-03-09 16:57:02]   nn raw: min=-3.03e-7 max=7.17e-6 span=7.47e-6 mean=1.83e-6 neg=21.44%
[2026-03-09 16:57:02]   mech: ks=0.171 (err=71.05%) cs=3.19e-7 (err=32.8%)
[2026-03-09 16:57:06]   adam-vs-raw: dL_adam=1.27e-6 dL_raw=1.39e-6 | step_norm_adam=1.26e-5 step_norm_raw=1.26e-5
[2026-03-09 16:57:06]   adam-vs-raw terms: adam[t1=-7.42e-9, t2=1.27e-6] raw[t1=-7.42e-9, t2=1.39e-6]
[2026-03-09 16:57:14]   mech-grad AD(raw): [1]=0.0000000000000000e+00 [2]=0.0000000000000000e+00
[2026-03-09 16:57:14]   mech-grad FD(raw): [1]=-2.5586853362187138e-02 [2]=-5.0009458592827669e-02 | h=[3.3701176431995655e-06, 2.8576452269133911e-06]
[2026-03-09 16:57:14]   mech-bound slope dp/draw: ks=1.6052662378022386e-01 cs=2.5413467945456107e-07
[2026-03-09 16:57:14]   mech-grad AD-FD diff(raw): [1]=2.5586853362187138e-02 [2]=5.0009458592827669e-02
[2026-03-09 16:57:18]   adam-group-probe: dL_full=1.27e-6 dL_net=1.48e-6 dL_mech=1.85e-7 cross=-3.95e-7
[2026-03-09 16:57:18]   adam-group-step-norms: full=1.26e-5 net=1.26e-5 mech=5.82e-13
[2026-03-09 16:57:20]   step-guard retry 1/6 -- reason=step_trial_loss_jump | lr=1.45e-5 | scale[p_net=0.2, mech_raw=1.0]
[2026-03-09 16:57:22]   step-guard retry 2/6 -- reason=step_trial_loss_jump | lr=1.45e-6 | scale[p_net=0.2, mech_raw=1.0]
[2026-03-09 16:57:25]   step-guard: accepted after 2 retry/reduction(s) | lr=1.45e-6 | trial_loss=8.472e-5
[2026-03-09 16:59:34] Stage2 epoch 76 train=8.472e-5
[2026-03-09 16:59:34]   grad_norm=0.000118 lr=1.45e-6
[2026-03-09 16:59:34]   lr_groups(eqv): p_net=2.89e-7 mech_raw=1.45e-6 | base=1.45e-6
[2026-03-09 16:59:34]   grad_groups(raw): p_net=0.000588 mech_raw=0.0
[2026-03-09 16:59:34]   grad_norm_raw=0.000588 grad_norm_scaled=0.000118 | scale[p_net=0.2, mech_raw=1.0]
[2026-03-09 16:59:34]   parts: state=7.58e-5 x2dot=8.91e-6 x3r=None cont=None l2=None
[2026-03-09 16:59:34]   rec: x1=1.77% x3=45.49%
[2026-03-09 16:59:34]   nn: F_hertz err=95.78%
[2026-03-09 16:59:34]   nn raw: min=-3.0e-7 max=7.16e-6 span=7.46e-6 mean=1.83e-6 neg=21.34%
[2026-03-09 16:59:34]   mech: ks=0.171 (err=71.05%) cs=3.19e-7 (err=32.8%)
[2026-03-09 16:59:38]   adam-vs-raw: dL_adam=2.81e-7 dL_raw=1.64e-7 | step_norm_adam=1.65e-6 step_norm_raw=1.65e-6
[2026-03-09 16:59:38]   adam-vs-raw terms: adam[t1=-9.7e-10, t2=2.82e-7] raw[t1=-9.7e-10, t2=1.65e-7]
[2026-03-09 16:59:46]   mech-grad AD(raw): [1]=0.0000000000000000e+00 [2]=0.0000000000000000e+00
[2026-03-09 16:59:46]   mech-grad FD(raw): [1]=-9.2420369589890292e-03 [2]=2.8220285470017859e-02 | h=[3.3701176431996193e-06, 2.8576452269134449e-06]
[2026-03-09 16:59:46]   mech-bound slope dp/draw: ks=1.6052662378021582e-01 cs=2.5413467945454889e-07
[2026-03-09 16:59:46]   mech-grad AD-FD diff(raw): [1]=9.2420369589890292e-03 [2]=-2.8220285470017859e-02
[2026-03-09 16:59:50]   adam-group-probe: dL_full=2.81e-7 dL_net=5.47e-8 dL_mech=5.53e-8 cross=1.71e-7
[2026-03-09 16:59:50]   adam-group-step-norms: full=1.65e-6 net=1.65e-6 mech=6.78e-14
[2026-03-09 16:59:52]   step-guard retry 1/6 -- reason=step_trial_loss_jump | lr=1.92e-6 | scale[p_net=0.2, mech_raw=1.0]
[2026-03-09 16:59:54]   step-guard: accepted after 1 retry/reduction(s) | lr=1.92e-6 | trial_loss=8.483e-5
[2026-03-09 17:02:01] Stage2 epoch 77 train=8.483e-5
[2026-03-09 17:02:01]   grad_norm=0.000118 lr=1.92e-6
[2026-03-09 17:02:01]   lr_groups(eqv): p_net=3.84e-7 mech_raw=1.92e-6 | base=1.92e-6
[2026-03-09 17:02:01]   grad_groups(raw): p_net=0.000588 mech_raw=0.0
[2026-03-09 17:02:01]   grad_norm_raw=0.000588 grad_norm_scaled=0.000118 | scale[p_net=0.2, mech_raw=1.0]
[2026-03-09 17:02:01]   parts: state=7.59e-5 x2dot=8.92e-6 x3r=None cont=None l2=None
[2026-03-09 17:02:01]   rec: x1=1.77% x3=45.51%
[2026-03-09 17:02:01]   nn: F_hertz err=95.76%
[2026-03-09 17:02:01]   nn raw: min=-2.97e-7 max=7.15e-6 span=7.45e-6 mean=1.83e-6 neg=21.26%
[2026-03-09 17:02:01]   mech: ks=0.171 (err=71.05%) cs=3.19e-7 (err=32.8%)
[2026-03-09 17:02:05]   adam-vs-raw: dL_adam=3.23e-7 dL_raw=5.58e-7 | step_norm_adam=2.2e-6 step_norm_raw=2.2e-6
[2026-03-09 17:02:05]   adam-vs-raw terms: adam[t1=-1.29e-9, t2=3.24e-7] raw[t1=-1.29e-9, t2=5.6e-7]
[2026-03-09 17:02:13]   mech-grad AD(raw): [1]=0.0000000000000000e+00 [2]=0.0000000000000000e+00
[2026-03-09 17:02:13]   mech-grad FD(raw): [1]=4.6375951965084428e-03 [2]=4.2182363864181831e-02 | h=[3.3701176431996832e-06, 2.8576452269135088e-06]
[2026-03-09 17:02:13]   mech-bound slope dp/draw: ks=1.6052662378020627e-01 cs=2.5413467945453444e-07
[2026-03-09 17:02:13]   mech-grad AD-FD diff(raw): [1]=-4.6375951965084428e-03 [2]=-4.2182363864181831e-02
[2026-03-09 17:02:17]   adam-group-probe: dL_full=3.23e-7 dL_net=3.75e-7 dL_mech=1.46e-7 cross=-1.98e-7
[2026-03-09 17:02:17]   adam-group-step-norms: full=2.2e-6 net=2.2e-6 mech=8.16e-14
[2026-03-09 17:02:19]   step-guard retry 1/6 -- reason=step_trial_loss_jump | lr=2.6e-6 | scale[p_net=0.2, mech_raw=1.0]
[2026-03-09 17:02:21]   step-guard: accepted after 1 retry/reduction(s) | lr=2.6e-6 | trial_loss=8.526e-5
[2026-03-09 17:04:31] Stage2 epoch 78 train=8.526e-5
[2026-03-09 17:04:31]   grad_norm=0.000118 lr=2.6e-6
[2026-03-09 17:04:31]   lr_groups(eqv): p_net=5.2e-7 mech_raw=2.6e-6 | base=2.6e-6
[2026-03-09 17:04:31]   grad_groups(raw): p_net=0.00059 mech_raw=0.0
[2026-03-09 17:04:31]   grad_norm_raw=0.00059 grad_norm_scaled=0.000118 | scale[p_net=0.2, mech_raw=1.0]
[2026-03-09 17:04:31]   parts: state=7.63e-5 x2dot=8.96e-6 x3r=None cont=None l2=None
[2026-03-09 17:04:31]   rec: x1=1.77% x3=45.52%
[2026-03-09 17:04:31]   nn: F_hertz err=95.73%
[2026-03-09 17:04:31]   nn raw: min=-2.93e-7 max=7.13e-6 span=7.42e-6 mean=1.83e-6 neg=21.09%
[2026-03-09 17:04:31]   mech: ks=0.171 (err=71.05%) cs=3.19e-7 (err=32.8%)
[2026-03-09 17:04:35]   adam-vs-raw: dL_adam=1.55e-7 dL_raw=3.15e-7 | step_norm_adam=2.98e-6 step_norm_raw=2.98e-6
[2026-03-09 17:04:35]   adam-vs-raw terms: adam[t1=-1.76e-9, t2=1.56e-7] raw[t1=-1.76e-9, t2=3.17e-7]
[2026-03-09 17:04:43]   mech-grad AD(raw): [1]=0.0000000000000000e+00 [2]=0.0000000000000000e+00
[2026-03-09 17:04:43]   mech-grad FD(raw): [1]=-2.0531815383801610e-02 [2]=-2.2267419743407360e-02 | h=[3.3701176431997607e-06, 2.8576452269135868e-06]
[2026-03-09 17:04:43]   mech-bound slope dp/draw: ks=1.6052662378019461e-01 cs=2.5413467945451681e-07
[2026-03-09 17:04:43]   mech-grad AD-FD diff(raw): [1]=2.0531815383801610e-02 [2]=2.2267419743407360e-02
[2026-03-09 17:04:48]   adam-group-probe: dL_full=1.55e-7 dL_net=1.72e-7 dL_mech=-1.53e-7 cross=1.36e-7
[2026-03-09 17:04:48]   adam-group-step-norms: full=2.98e-6 net=2.98e-6 mech=9.92e-14
[2026-03-09 17:04:50]   step-guard retry 1/6 -- reason=step_trial_loss_jump | lr=3.58e-6 | scale[p_net=0.2, mech_raw=1.0]
[2026-03-09 17:04:52]   step-guard: accepted after 1 retry/reduction(s) | lr=3.58e-6 | trial_loss=8.57e-5
[2026-03-09 17:07:02] Stage2 epoch 79 train=8.57e-5
[2026-03-09 17:07:02]   grad_norm=0.000118 lr=3.58e-6
[2026-03-09 17:07:02]   lr_groups(eqv): p_net=7.16e-7 mech_raw=3.58e-6 | base=3.58e-6
[2026-03-09 17:07:02]   grad_groups(raw): p_net=0.000591 mech_raw=0.0
[2026-03-09 17:07:02]   grad_norm_raw=0.000591 grad_norm_scaled=0.000118 | scale[p_net=0.2, mech_raw=1.0]
[2026-03-09 17:07:02]   parts: state=7.67e-5 x2dot=9.0e-6 x3r=None cont=None l2=None
[2026-03-09 17:07:02]   rec: x1=1.78% x3=45.54%
[2026-03-09 17:07:02]   nn: F_hertz err=95.69%
[2026-03-09 17:07:02]   nn raw: min=-2.87e-7 max=7.11e-6 span=7.4e-6 mean=1.84e-6 neg=20.87%
[2026-03-09 17:07:02]   mech: ks=0.171 (err=71.05%) cs=3.19e-7 (err=32.8%)
[2026-03-09 17:07:06]   adam-vs-raw: dL_adam=5.58e-8 dL_raw=2.35e-7 | step_norm_adam=4.12e-6 step_norm_raw=4.12e-6
[2026-03-09 17:07:06]   adam-vs-raw terms: adam[t1=-2.44e-9, t2=5.82e-8] raw[t1=-2.44e-9, t2=2.38e-7]
[2026-03-09 17:07:14]   mech-grad AD(raw): [1]=0.0000000000000000e+00 [2]=0.0000000000000000e+00
[2026-03-09 17:07:14]   mech-grad FD(raw): [1]=-2.6249682263478169e-03 [2]=2.2583804983819226e-02 | h=[3.3701176431998573e-06, 2.8576452269136829e-06]
[2026-03-09 17:07:14]   mech-bound slope dp/draw: ks=1.6052662378018018e-01 cs=2.5413467945449500e-07
[2026-03-09 17:07:14]   mech-grad AD-FD diff(raw): [1]=2.6249682263478169e-03 [2]=-2.2583804983819226e-02
[2026-03-09 17:07:18]   adam-group-probe: dL_full=5.58e-8 dL_net=3.1e-7 dL_mech=-8.18e-8 cross=-1.73e-7
[2026-03-09 17:07:18]   adam-group-step-norms: full=4.12e-6 net=4.12e-6 mech=1.23e-13
[2026-03-09 17:07:20]   step-guard retry 1/6 -- reason=step_trial_loss_jump | lr=5.01e-6 | scale[p_net=0.2, mech_raw=1.0]
[2026-03-09 17:07:22]   step-guard: accepted after 1 retry/reduction(s) | lr=5.01e-6 | trial_loss=8.603e-5
[2026-03-09 17:09:35] Stage2 epoch 80 train=8.603e-5
[2026-03-09 17:09:35]   grad_norm=0.000118 lr=5.01e-6
[2026-03-09 17:09:35]   lr_groups(eqv): p_net=1.0e-6 mech_raw=5.01e-6 | base=5.01e-6
[2026-03-09 17:09:35]   grad_groups(raw): p_net=0.000592 mech_raw=0.0
[2026-03-09 17:09:35]   grad_norm_raw=0.000592 grad_norm_scaled=0.000118 | scale[p_net=0.2, mech_raw=1.0]
[2026-03-09 17:09:35]   parts: state=7.7e-5 x2dot=9.04e-6 x3r=None cont=None l2=None
[2026-03-09 17:09:35]   rec: x1=1.78% x3=45.56%
[2026-03-09 17:09:35]   nn: F_hertz err=95.63%
[2026-03-09 17:09:35]   nn raw: min=-2.8e-7 max=7.08e-6 span=7.36e-6 mean=1.85e-6 neg=20.58%
[2026-03-09 17:09:35]   mech: ks=0.171 (err=71.05%) cs=3.19e-7 (err=32.8%)
[2026-03-09 17:09:40]   adam-vs-raw: dL_adam=6.68e-7 dL_raw=4.48e-7 | step_norm_adam=5.79e-6 step_norm_raw=5.79e-6
[2026-03-09 17:09:40]   adam-vs-raw terms: adam[t1=-3.43e-9, t2=6.71e-7] raw[t1=-3.43e-9, t2=4.52e-7]
[2026-03-09 17:09:48]   mech-grad AD(raw): [1]=0.0000000000000000e+00 [2]=0.0000000000000000e+00
[2026-03-09 17:09:48]   mech-grad FD(raw): [1]=-2.7486565267051969e-04 [2]=2.2722002169414116e-02 | h=[3.3701176431999788e-06, 2.8576452269138049e-06]
[2026-03-09 17:09:48]   mech-bound slope dp/draw: ks=1.6052662378016194e-01 cs=2.5413467945446742e-07
[2026-03-09 17:09:48]   mech-grad AD-FD diff(raw): [1]=2.7486565267051969e-04 [2]=-2.2722002169414116e-02
[2026-03-09 17:09:52]   adam-group-probe: dL_full=6.68e-7 dL_net=4.81e-7 dL_mech=1.99e-7 cross=-1.2e-8
[2026-03-09 17:09:52]   adam-group-step-norms: full=5.79e-6 net=5.79e-6 mech=1.55e-13
[2026-03-09 17:09:54]   step-guard retry 1/6 -- reason=step_trial_loss_jump | lr=7.14e-6 | scale[p_net=0.2, mech_raw=1.0]
[2026-03-09 17:09:56]   step-guard retry 2/6 -- reason=step_trial_loss_jump | lr=7.14e-7 | scale[p_net=0.2, mech_raw=1.0]
[2026-03-09 17:09:58]   step-guard: accepted after 2 retry/reduction(s) | lr=7.14e-7 | trial_loss=8.624e-5
[2026-03-09 17:12:08] Stage2 epoch 81 train=8.624e-5
[2026-03-09 17:12:08]   grad_norm=0.000119 lr=7.14e-7
[2026-03-09 17:12:08]   lr_groups(eqv): p_net=1.43e-7 mech_raw=7.14e-7 | base=7.14e-7
[2026-03-09 17:12:08]   grad_groups(raw): p_net=0.000593 mech_raw=0.0
[2026-03-09 17:12:08]   grad_norm_raw=0.000593 grad_norm_scaled=0.000119 | scale[p_net=0.2, mech_raw=1.0]
[2026-03-09 17:12:08]   parts: state=7.72e-5 x2dot=9.06e-6 x3r=None cont=None l2=None
[2026-03-09 17:12:08]   rec: x1=1.78% x3=45.57%
[2026-03-09 17:12:08]   nn: F_hertz err=95.62%
[2026-03-09 17:12:08]   nn raw: min=-2.78e-7 max=7.07e-6 span=7.35e-6 mean=1.85e-6 neg=20.55%
[2026-03-09 17:12:08]   mech: ks=0.171 (err=71.05%) cs=3.19e-7 (err=32.8%)
[2026-03-09 17:12:13]   adam-vs-raw: dL_adam=-1.28e-7 dL_raw=-3.06e-8 | step_norm_adam=8.26e-7 step_norm_raw=8.26e-7
[2026-03-09 17:12:13]   adam-vs-raw terms: adam[t1=-4.9e-10, t2=-1.28e-7] raw[t1=-4.9e-10, t2=-3.01e-8]
[2026-03-09 17:12:21]   mech-grad AD(raw): [1]=0.0000000000000000e+00 [2]=0.0000000000000000e+00
[2026-03-09 17:12:21]   mech-grad FD(raw): [1]=9.1903274421669488e-03 [2]=1.2289333564374005e-02 | h=[3.3701176431999945e-06, 2.8576452269138201e-06]
[2026-03-09 17:12:21]   mech-bound slope dp/draw: ks=1.6052662378015958e-01 cs=2.5413467945446393e-07
[2026-03-09 17:12:21]   mech-grad AD-FD diff(raw): [1]=-9.1903274421669488e-03 [2]=-1.2289333564374005e-02
[2026-03-09 17:12:25]   adam-group-probe: dL_full=-1.28e-7 dL_net=-3.4e-8 dL_mech=-1.15e-7 cross=2.05e-8
[2026-03-09 17:12:25]   adam-group-step-norms: full=8.26e-7 net=8.26e-7 mech=2.01e-14
[2026-03-09 17:14:35] Stage2 epoch 82 train=8.717e-5
[2026-03-09 17:14:35]   grad_norm=0.000119 lr=1.03e-5
[2026-03-09 17:14:35]   lr_groups(eqv): p_net=2.06e-6 mech_raw=1.03e-5 | base=1.03e-5
[2026-03-09 17:14:35]   grad_groups(raw): p_net=0.000596 mech_raw=0.0
[2026-03-09 17:14:35]   grad_norm_raw=0.000596 grad_norm_scaled=0.000119 | scale[p_net=0.2, mech_raw=1.0]
[2026-03-09 17:14:35]   parts: state=7.8e-5 x2dot=9.15e-6 x3r=None cont=None l2=None
[2026-03-09 17:14:35]   rec: x1=1.79% x3=45.62%
[2026-03-09 17:14:35]   nn: F_hertz err=95.5%
[2026-03-09 17:14:35]   nn raw: min=-2.63e-7 max=7.0e-6 span=7.27e-6 mean=1.86e-6 neg=19.93%
[2026-03-09 17:14:35]   mech: ks=0.171 (err=71.05%) cs=3.19e-7 (err=32.8%)
[2026-03-09 17:14:39]   adam-vs-raw: dL_adam=1.18e-6 dL_raw=1.19e-6 | step_norm_adam=1.2e-5 step_norm_raw=1.2e-5
[2026-03-09 17:14:39]   adam-vs-raw terms: adam[t1=-7.13e-9, t2=1.19e-6] raw[t1=-7.13e-9, t2=1.2e-6]
[2026-03-09 17:14:47]   mech-grad AD(raw): [1]=0.0000000000000000e+00 [2]=0.0000000000000000e+00
[2026-03-09 17:14:47]   mech-grad FD(raw): [1]=-2.5653151012388593e-02 [2]=1.7997030299512502e-02 | h=[3.3701176432001970e-06, 2.8576452269140226e-06]
[2026-03-09 17:14:47]   mech-bound slope dp/draw: ks=1.6052662378012925e-01 cs=2.5413467945441803e-07
[2026-03-09 17:14:47]   mech-grad AD-FD diff(raw): [1]=2.5653151012388593e-02 [2]=-1.7997030299512502e-02
[2026-03-09 17:14:51]   adam-group-probe: dL_full=1.18e-6 dL_net=1.28e-6 dL_mech=1.03e-7 cross=-2.02e-7
[2026-03-09 17:14:51]   adam-group-step-norms: full=1.2e-5 net=1.2e-5 mech=2.58e-13
[2026-03-09 17:14:53]   step-guard retry 1/6 -- reason=step_trial_loss_jump | lr=1.51e-5 | scale[p_net=0.2, mech_raw=1.0]
[2026-03-09 17:14:55]   step-guard retry 2/6 -- reason=step_trial_loss_jump | lr=1.51e-6 | scale[p_net=0.2, mech_raw=1.0]
[2026-03-09 17:14:57]   step-guard: accepted after 2 retry/reduction(s) | lr=1.51e-6 | trial_loss=8.74e-5
[2026-03-09 17:17:08] Stage2 epoch 83 train=8.74e-5
[2026-03-09 17:17:08]   grad_norm=0.000119 lr=1.51e-6
[2026-03-09 17:17:08]   lr_groups(eqv): p_net=3.02e-7 mech_raw=1.51e-6 | base=1.51e-6
[2026-03-09 17:17:08]   grad_groups(raw): p_net=0.000596 mech_raw=0.0
[2026-03-09 17:17:08]   grad_norm_raw=0.000596 grad_norm_scaled=0.000119 | scale[p_net=0.2, mech_raw=1.0]
[2026-03-09 17:17:08]   parts: state=7.82e-5 x2dot=9.18e-6 x3r=None cont=None l2=None
[2026-03-09 17:17:08]   rec: x1=1.8% x3=45.63%
[2026-03-09 17:17:08]   nn: F_hertz err=95.48%
[2026-03-09 17:17:08]   nn raw: min=-2.6e-7 max=7.0e-6 span=7.26e-6 mean=1.86e-6 neg=19.86%
[2026-03-09 17:17:08]   mech: ks=0.171 (err=71.05%) cs=3.19e-7 (err=32.8%)
[2026-03-09 17:17:12]   adam-vs-raw: dL_adam=2.74e-7 dL_raw=3.75e-7 | step_norm_adam=1.76e-6 step_norm_raw=1.76e-6
[2026-03-09 17:17:12]   adam-vs-raw terms: adam[t1=-1.05e-9, t2=2.75e-7] raw[t1=-1.05e-9, t2=3.77e-7]
[2026-03-09 17:17:20]   mech-grad AD(raw): [1]=0.0000000000000000e+00 [2]=0.0000000000000000e+00
[2026-03-09 17:17:20]   mech-grad FD(raw): [1]=2.5909846765107243e-03 [2]=6.9813558857446459e-03 | h=[3.3701176432002236e-06, 2.8576452269140493e-06]
[2026-03-09 17:17:20]   mech-bound slope dp/draw: ks=1.6052662378012528e-01 cs=2.5413467945441199e-07
[2026-03-09 17:17:20]   mech-grad AD-FD diff(raw): [1]=-2.5909846765107243e-03 [2]=-6.9813558857446459e-03
[2026-03-09 17:17:25]   adam-group-probe: dL_full=2.74e-7 dL_net=6.81e-8 dL_mech=8.68e-8 cross=1.19e-7
[2026-03-09 17:17:25]   adam-group-step-norms: full=1.76e-6 net=1.76e-6 mech=3.39e-14
[2026-03-09 17:17:27]   step-guard retry 1/6 -- reason=step_trial_loss_jump | lr=2.24e-6 | scale[p_net=0.2, mech_raw=1.0]
[2026-03-09 17:17:29]   step-guard: accepted after 1 retry/reduction(s) | lr=2.24e-6 | trial_loss=8.759e-5
[2026-03-09 17:19:37] Stage2 epoch 84 train=8.759e-5
[2026-03-09 17:19:37]   grad_norm=0.000119 lr=2.24e-6
[2026-03-09 17:19:37]   lr_groups(eqv): p_net=4.48e-7 mech_raw=2.24e-6 | base=2.24e-6
[2026-03-09 17:19:37]   grad_groups(raw): p_net=0.000597 mech_raw=0.0
[2026-03-09 17:19:37]   grad_norm_raw=0.000597 grad_norm_scaled=0.000119 | scale[p_net=0.2, mech_raw=1.0]
[2026-03-09 17:19:37]   parts: state=7.84e-5 x2dot=9.2e-6 x3r=None cont=None l2=None
[2026-03-09 17:19:37]   rec: x1=1.8% x3=45.64%
[2026-03-09 17:19:37]   nn: F_hertz err=95.46%
[2026-03-09 17:19:37]   nn raw: min=-2.57e-7 max=6.98e-6 span=7.24e-6 mean=1.87e-6 neg=19.74%
[2026-03-09 17:19:37]   mech: ks=0.171 (err=71.05%) cs=3.19e-7 (err=32.8%)
[2026-03-09 17:19:42]   adam-vs-raw: dL_adam=2.87e-7 dL_raw=2.81e-7 | step_norm_adam=2.61e-6 step_norm_raw=2.61e-6
[2026-03-09 17:19:42]   adam-vs-raw terms: adam[t1=-1.56e-9, t2=2.88e-7] raw[t1=-1.56e-9, t2=2.83e-7]
[2026-03-09 17:19:50]   mech-grad AD(raw): [1]=0.0000000000000000e+00 [2]=0.0000000000000000e+00
[2026-03-09 17:19:50]   mech-grad FD(raw): [1]=-6.8689438970805691e-04 [2]=3.5938099407792953e-02 | h=[3.3701176432002592e-06, 2.8576452269140848e-06]
[2026-03-09 17:19:50]   mech-bound slope dp/draw: ks=1.6052662378011995e-01 cs=2.5413467945440395e-07
[2026-03-09 17:19:50]   mech-grad AD-FD diff(raw): [1]=6.8689438970805691e-04 [2]=-3.5938099407792953e-02
[2026-03-09 17:19:54]   adam-group-probe: dL_full=2.87e-7 dL_net=4.14e-7 dL_mech=1.18e-7 cross=-2.45e-7
[2026-03-09 17:19:54]   adam-group-step-norms: full=2.61e-6 net=2.61e-6 mech=4.52e-14
[2026-03-09 17:19:56]   step-guard retry 1/6 -- reason=step_trial_loss_jump | lr=3.36e-6 | scale[p_net=0.2, mech_raw=1.0]
[2026-03-09 17:19:58]   step-guard: accepted after 1 retry/reduction(s) | lr=3.36e-6 | trial_loss=8.812e-5
[2026-03-09 17:22:16] Stage2 epoch 85 train=8.812e-5
[2026-03-09 17:22:16]   grad_norm=0.00012 lr=3.36e-6
[2026-03-09 17:22:16]   lr_groups(eqv): p_net=6.72e-7 mech_raw=3.36e-6 | base=3.36e-6
[2026-03-09 17:22:16]   grad_groups(raw): p_net=0.0006 mech_raw=0.0
[2026-03-09 17:22:16]   grad_norm_raw=0.0006 grad_norm_scaled=0.00012 | scale[p_net=0.2, mech_raw=1.0]
[2026-03-09 17:22:16]   parts: state=7.89e-5 x2dot=9.25e-6 x3r=None cont=None l2=None
[2026-03-09 17:22:16]   rec: x1=1.8% x3=45.66%
[2026-03-09 17:22:16]   nn: F_hertz err=95.42%
[2026-03-09 17:22:16]   nn raw: min=-2.52e-7 max=6.96e-6 span=7.21e-6 mean=1.87e-6 neg=19.5%
[2026-03-09 17:22:16]   mech: ks=0.171 (err=71.05%) cs=3.19e-7 (err=32.8%)
[2026-03-09 17:22:20]   adam-vs-raw: dL_adam=2.58e-7 dL_raw=3.6e-7 | step_norm_adam=3.93e-6 step_norm_raw=3.93e-6
[2026-03-09 17:22:20]   adam-vs-raw terms: adam[t1=-2.36e-9, t2=2.61e-7] raw[t1=-2.36e-9, t2=3.62e-7]
[2026-03-09 17:22:28]   mech-grad AD(raw): [1]=0.0000000000000000e+00 [2]=0.0000000000000000e+00
[2026-03-09 17:22:28]   mech-grad FD(raw): [1]=-3.4535346073467491e-02 [2]=-1.1034996399893374e-02 | h=[3.3701176432003071e-06, 2.8576452269141327e-06]
[2026-03-09 17:22:28]   mech-bound slope dp/draw: ks=1.6052662378011276e-01 cs=2.5413467945439304e-07
[2026-03-09 17:22:28]   mech-grad AD-FD diff(raw): [1]=3.4535346073467491e-02 [2]=1.1034996399893374e-02
[2026-03-09 17:22:32]   adam-group-probe: dL_full=2.58e-7 dL_net=3.47e-7 dL_mech=-2.32e-7 cross=1.44e-7
[2026-03-09 17:22:32]   adam-group-step-norms: full=3.93e-6 net=3.93e-6 mech=6.15e-14
[2026-03-09 17:22:34]   step-guard retry 1/6 -- reason=step_trial_loss_jump | lr=5.1e-6 | scale[p_net=0.2, mech_raw=1.0]
[2026-03-09 17:22:36]   step-guard: accepted after 1 retry/reduction(s) | lr=5.1e-6 | trial_loss=8.865e-5
[2026-03-09 17:25:15] Stage2 epoch 86 train=8.865e-5
[2026-03-09 17:25:15]   grad_norm=0.00012 lr=5.1e-6
[2026-03-09 17:25:15]   lr_groups(eqv): p_net=1.02e-6 mech_raw=5.1e-6 | base=5.1e-6
[2026-03-09 17:25:15]   grad_groups(raw): p_net=0.000602 mech_raw=0.0
[2026-03-09 17:25:15]   grad_norm_raw=0.000602 grad_norm_scaled=0.00012 | scale[p_net=0.2, mech_raw=1.0]
[2026-03-09 17:25:15]   parts: state=7.93e-5 x2dot=9.31e-6 x3r=None cont=None l2=None
[2026-03-09 17:25:15]   rec: x1=1.81% x3=45.69%
[2026-03-09 17:25:15]   nn: F_hertz err=95.36%
[2026-03-09 17:25:15]   nn raw: min=-2.44e-7 max=6.93e-6 span=7.17e-6 mean=1.88e-6 neg=19.2%
[2026-03-09 17:25:15]   mech: ks=0.171 (err=71.05%) cs=3.19e-7 (err=32.8%)
[2026-03-09 17:25:19]   adam-vs-raw: dL_adam=5.59e-7 dL_raw=5.65e-7 | step_norm_adam=5.99e-6 step_norm_raw=5.99e-6
[2026-03-09 17:25:19]   adam-vs-raw terms: adam[t1=-3.6e-9, t2=5.63e-7] raw[t1=-3.6e-9, t2=5.69e-7]
[2026-03-09 17:25:27]   mech-grad AD(raw): [1]=0.0000000000000000e+00 [2]=0.0000000000000000e+00
[2026-03-09 17:25:27]   mech-grad FD(raw): [1]=-1.5303078317153692e-03 [2]=-2.8070342846913107e-02 | h=[3.3701176432003727e-06, 2.8576452269141988e-06]
[2026-03-09 17:25:27]   mech-bound slope dp/draw: ks=1.6052662378010291e-01 cs=2.5413467945437816e-07
[2026-03-09 17:25:27]   mech-grad AD-FD diff(raw): [1]=1.5303078317153692e-03 [2]=2.8070342846913107e-02
[2026-03-09 17:25:32]   adam-group-probe: dL_full=5.59e-7 dL_net=6.24e-7 dL_mech=4.53e-8 cross=-1.09e-7
[2026-03-09 17:25:32]   adam-group-step-norms: full=5.99e-6 net=5.99e-6 mech=8.35e-14
[2026-03-09 17:25:34]   step-guard retry 1/6 -- reason=step_trial_loss_jump | lr=7.82e-6 | scale[p_net=0.2, mech_raw=1.0]
[2026-03-09 17:25:36]   step-guard: accepted after 1 retry/reduction(s) | lr=7.82e-6 | trial_loss=8.927e-5
[2026-03-09 17:27:45] Stage2 epoch 87 train=8.927e-5
[2026-03-09 17:27:45]   grad_norm=0.000121 lr=7.82e-6
[2026-03-09 17:27:45]   lr_groups(eqv): p_net=1.56e-6 mech_raw=7.82e-6 | base=7.82e-6
[2026-03-09 17:27:45]   grad_groups(raw): p_net=0.000603 mech_raw=0.0
[2026-03-09 17:27:45]   grad_norm_raw=0.000603 grad_norm_scaled=0.000121 | scale[p_net=0.2, mech_raw=1.0]
[2026-03-09 17:27:45]   parts: state=7.99e-5 x2dot=9.38e-6 x3r=None cont=None l2=None
[2026-03-09 17:27:45]   rec: x1=1.82% x3=45.73%
[2026-03-09 17:27:45]   nn: F_hertz err=95.28%
[2026-03-09 17:27:45]   nn raw: min=-2.33e-7 max=6.87e-6 span=7.11e-6 mean=1.89e-6 neg=18.73%
[2026-03-09 17:27:45]   mech: ks=0.171 (err=71.05%) cs=3.19e-7 (err=32.8%)
[2026-03-09 17:27:49]   adam-vs-raw: dL_adam=1.14e-6 dL_raw=1.11e-6 | step_norm_adam=9.21e-6 step_norm_raw=9.21e-6
[2026-03-09 17:27:49]   adam-vs-raw terms: adam[t1=-5.55e-9, t2=1.15e-6] raw[t1=-5.55e-9, t2=1.11e-6]
[2026-03-09 17:27:57]   mech-grad AD(raw): [1]=0.0000000000000000e+00 [2]=0.0000000000000000e+00
[2026-03-09 17:27:57]   mech-grad FD(raw): [1]=2.9938727167112579e-03 [2]=-2.5524550055054353e-02 | h=[3.3701176432004638e-06, 2.8576452269142898e-06]
[2026-03-09 17:27:57]   mech-bound slope dp/draw: ks=1.6052662378008925e-01 cs=2.5413467945435752e-07
[2026-03-09 17:27:57]   mech-grad AD-FD diff(raw): [1]=-2.9938727167112579e-03 [2]=2.5524550055054353e-02
[2026-03-09 17:28:01]   adam-group-probe: dL_full=1.14e-6 dL_net=1.18e-6 dL_mech=1.3e-7 cross=-1.66e-7
[2026-03-09 17:28:01]   adam-group-step-norms: full=9.21e-6 net=9.21e-6 mech=1.16e-13
[2026-03-09 17:28:03]   step-guard retry 1/6 -- reason=step_trial_loss_jump | lr=1.21e-5 | scale[p_net=0.2, mech_raw=1.0]
[2026-03-09 17:28:06]   step-guard retry 2/6 -- reason=step_trial_loss_jump | lr=1.21e-6 | scale[p_net=0.2, mech_raw=1.0]
[2026-03-09 17:28:08]   step-guard: accepted after 2 retry/reduction(s) | lr=1.21e-6 | trial_loss=8.944e-5
[2026-03-09 17:30:13] Stage2 epoch 88 train=8.944e-5
[2026-03-09 17:30:13]   grad_norm=0.000121 lr=1.21e-6
[2026-03-09 17:30:13]   lr_groups(eqv): p_net=2.42e-7 mech_raw=1.21e-6 | base=1.21e-6
[2026-03-09 17:30:13]   grad_groups(raw): p_net=0.000604 mech_raw=0.0
[2026-03-09 17:30:13]   grad_norm_raw=0.000604 grad_norm_scaled=0.000121 | scale[p_net=0.2, mech_raw=1.0]
[2026-03-09 17:30:13]   parts: state=8.0e-5 x2dot=9.39e-6 x3r=None cont=None l2=None
[2026-03-09 17:30:13]   rec: x1=1.82% x3=45.74%
[2026-03-09 17:30:13]   nn: F_hertz err=95.26%
[2026-03-09 17:30:13]   nn raw: min=-2.31e-7 max=6.87e-6 span=7.1e-6 mean=1.89e-6 neg=18.66%
[2026-03-09 17:30:13]   mech: ks=0.171 (err=71.05%) cs=3.19e-7 (err=32.8%)
[2026-03-09 17:30:17]   adam-vs-raw: dL_adam=3.22e-7 dL_raw=2.91e-7 | step_norm_adam=1.43e-6 step_norm_raw=1.43e-6
[2026-03-09 17:30:17]   adam-vs-raw terms: adam[t1=-8.63e-10, t2=3.23e-7] raw[t1=-8.63e-10, t2=2.92e-7]
[2026-03-09 17:30:25]   mech-grad AD(raw): [1]=0.0000000000000000e+00 [2]=0.0000000000000000e+00
[2026-03-09 17:30:25]   mech-grad FD(raw): [1]=-7.0564956466227929e-03 [2]=-2.4836068931779021e-02 | h=[3.3701176432004765e-06, 2.8576452269143021e-06]
[2026-03-09 17:30:25]   mech-bound slope dp/draw: ks=1.6052662378008742e-01 cs=2.5413467945435471e-07
[2026-03-09 17:30:25]   mech-grad AD-FD diff(raw): [1]=7.0564956466227929e-03 [2]=2.4836068931779021e-02
[2026-03-09 17:30:29]   adam-group-probe: dL_full=3.22e-7 dL_net=4.31e-7 dL_mech=6.04e-8 cross=-1.69e-7
[2026-03-09 17:30:29]   adam-group-step-norms: full=1.43e-6 net=1.43e-6 mech=1.63e-14
[2026-03-09 17:30:31]   step-guard retry 1/6 -- reason=step_trial_loss_jump | lr=1.89e-6 | scale[p_net=0.2, mech_raw=1.0]
[2026-03-09 17:30:33]   step-guard: accepted after 1 retry/reduction(s) | lr=1.89e-6 | trial_loss=8.983e-5
[2026-03-09 17:32:41] Stage2 epoch 89 train=8.983e-5
[2026-03-09 17:32:41]   grad_norm=0.000121 lr=1.89e-6
[2026-03-09 17:32:41]   lr_groups(eqv): p_net=3.78e-7 mech_raw=1.89e-6 | base=1.89e-6
[2026-03-09 17:32:41]   grad_groups(raw): p_net=0.000606 mech_raw=0.0
[2026-03-09 17:32:41]   grad_norm_raw=0.000606 grad_norm_scaled=0.000121 | scale[p_net=0.2, mech_raw=1.0]
[2026-03-09 17:32:41]   parts: state=8.04e-5 x2dot=9.44e-6 x3r=None cont=None l2=None
[2026-03-09 17:32:41]   rec: x1=1.82% x3=45.74%
[2026-03-09 17:32:41]   nn: F_hertz err=95.24%
[2026-03-09 17:32:41]   nn raw: min=-2.28e-7 max=6.85e-6 span=7.08e-6 mean=1.9e-6 neg=18.58%
[2026-03-09 17:32:41]   mech: ks=0.171 (err=71.05%) cs=3.19e-7 (err=32.8%)
[2026-03-09 17:32:45]   adam-vs-raw: dL_adam=2.43e-7 dL_raw=2.76e-7 | step_norm_adam=2.24e-6 step_norm_raw=2.24e-6
[2026-03-09 17:32:45]   adam-vs-raw terms: adam[t1=-1.36e-9, t2=2.44e-7] raw[t1=-1.36e-9, t2=2.77e-7]
[2026-03-09 17:32:53]   mech-grad AD(raw): [1]=0.0000000000000000e+00 [2]=0.0000000000000000e+00
[2026-03-09 17:32:53]   mech-grad FD(raw): [1]=2.8773059875480577e-02 [2]=2.1038571456020491e-02 | h=[3.3701176432004943e-06, 2.8576452269143199e-06]
[2026-03-09 17:32:53]   mech-bound slope dp/draw: ks=1.6052662378008473e-01 cs=2.5413467945435069e-07
[2026-03-09 17:32:53]   mech-grad AD-FD diff(raw): [1]=-2.8773059875480577e-02 [2]=-2.1038571456020491e-02
[2026-03-09 17:32:57]   adam-group-probe: dL_full=2.43e-7 dL_net=2.65e-7 dL_mech=1.05e-7 cross=-1.27e-7
[2026-03-09 17:32:57]   adam-group-step-norms: full=2.24e-6 net=2.24e-6 mech=2.26e-14
[2026-03-09 17:32:59]   step-guard retry 1/6 -- reason=step_trial_loss_jump | lr=2.98e-6 | scale[p_net=0.2, mech_raw=1.0]
[2026-03-09 17:33:01]   step-guard: accepted after 1 retry/reduction(s) | lr=2.98e-6 | trial_loss=9.001e-5
[2026-03-09 17:35:11] Stage2 epoch 90 train=9.001e-5
[2026-03-09 17:35:11]   grad_norm=0.000121 lr=2.98e-6
[2026-03-09 17:35:11]   lr_groups(eqv): p_net=5.95e-7 mech_raw=2.98e-6 | base=2.98e-6
[2026-03-09 17:35:11]   grad_groups(raw): p_net=0.000606 mech_raw=0.0
[2026-03-09 17:35:11]   grad_norm_raw=0.000606 grad_norm_scaled=0.000121 | scale[p_net=0.2, mech_raw=1.0]
[2026-03-09 17:35:11]   parts: state=8.06e-5 x2dot=9.46e-6 x3r=None cont=None l2=None
[2026-03-09 17:35:11]   rec: x1=1.82% x3=45.76%
[2026-03-09 17:35:11]   nn: F_hertz err=95.21%
[2026-03-09 17:35:11]   nn raw: min=-2.24e-7 max=6.83e-6 span=7.06e-6 mean=1.9e-6 neg=18.37%
[2026-03-09 17:35:11]   mech: ks=0.171 (err=71.05%) cs=3.19e-7 (err=32.8%)
[2026-03-09 17:35:15]   adam-vs-raw: dL_adam=4.23e-7 dL_raw=3.63e-7 | step_norm_adam=3.53e-6 step_norm_raw=3.53e-6
[2026-03-09 17:35:15]   adam-vs-raw terms: adam[t1=-2.14e-9, t2=4.25e-7] raw[t1=-2.14e-9, t2=3.65e-7]
[2026-03-09 17:35:23]   mech-grad AD(raw): [1]=0.0000000000000000e+00 [2]=0.0000000000000000e+00
[2026-03-09 17:35:23]   mech-grad FD(raw): [1]=2.7274083952044861e-02 [2]=-1.5360121312042620e-02 | h=[3.3701176432005193e-06, 2.8576452269143453e-06]
[2026-03-09 17:35:23]   mech-bound slope dp/draw: ks=1.6052662378008092e-01 cs=2.5413467945434497e-07
[2026-03-09 17:35:23]   mech-grad AD-FD diff(raw): [1]=-2.7274083952044861e-02 [2]=1.5360121312042620e-02
[2026-03-09 17:35:27]   adam-group-probe: dL_full=4.23e-7 dL_net=6.15e-7 dL_mech=1.88e-7 cross=-3.8e-7
[2026-03-09 17:35:27]   adam-group-step-norms: full=3.53e-6 net=3.53e-6 mech=3.2e-14
[2026-03-09 17:35:29]   step-guard retry 1/6 -- reason=step_trial_loss_jump | lr=4.72e-6 | scale[p_net=0.2, mech_raw=1.0]
[2026-03-09 17:35:31]   step-guard: accepted after 1 retry/reduction(s) | lr=4.72e-6 | trial_loss=9.074e-5
[2026-03-09 17:37:36] Stage2 epoch 91 train=9.074e-5
[2026-03-09 17:37:36]   grad_norm=0.000122 lr=4.72e-6
[2026-03-09 17:37:36]   lr_groups(eqv): p_net=9.43e-7 mech_raw=4.72e-6 | base=4.72e-6
[2026-03-09 17:37:36]   grad_groups(raw): p_net=0.000608 mech_raw=0.0
[2026-03-09 17:37:36]   grad_norm_raw=0.000608 grad_norm_scaled=0.000122 | scale[p_net=0.2, mech_raw=1.0]
[2026-03-09 17:37:36]   parts: state=8.12e-5 x2dot=9.53e-6 x3r=None cont=None l2=None
[2026-03-09 17:37:36]   rec: x1=1.83% x3=45.79%
[2026-03-09 17:37:36]   nn: F_hertz err=95.16%
[2026-03-09 17:37:36]   nn raw: min=-2.17e-7 max=6.8e-6 span=7.02e-6 mean=1.91e-6 neg=18.07%
[2026-03-09 17:37:36]   mech: ks=0.171 (err=71.05%) cs=3.19e-7 (err=32.8%)
[2026-03-09 17:37:40]   adam-vs-raw: dL_adam=7.09e-7 dL_raw=5.75e-7 | step_norm_adam=5.61e-6 step_norm_raw=5.61e-6
[2026-03-09 17:37:40]   adam-vs-raw terms: adam[t1=-3.41e-9, t2=7.13e-7] raw[t1=-3.41e-9, t2=5.78e-7]
[2026-03-09 17:37:49]   mech-grad AD(raw): [1]=0.0000000000000000e+00 [2]=0.0000000000000000e+00
[2026-03-09 17:37:49]   mech-grad FD(raw): [1]=-1.2630430797839477e-02 [2]=-9.6064667176502232e-03 | h=[3.3701176432005553e-06, 2.8576452269143813e-06]
[2026-03-09 17:37:49]   mech-bound slope dp/draw: ks=1.6052662378007557e-01 cs=2.5413467945433682e-07
[2026-03-09 17:37:49]   mech-grad AD-FD diff(raw): [1]=1.2630430797839477e-02 [2]=9.6064667176502232e-03
[2026-03-09 17:37:53]   adam-group-probe: dL_full=7.09e-7 dL_net=5.76e-7 dL_mech=1.62e-7 cross=-2.95e-8
[2026-03-09 17:37:53]   adam-group-step-norms: full=5.61e-6 net=5.61e-6 mech=4.58e-14
[2026-03-09 17:37:55]   step-guard retry 1/6 -- reason=step_trial_loss_jump | lr=7.52e-6 | scale[p_net=0.2, mech_raw=1.0]
[2026-03-09 17:37:57]   step-guard: accepted after 1 retry/reduction(s) | lr=7.52e-6 | trial_loss=9.166e-5
[2026-03-09 17:40:11] Stage2 epoch 92 train=9.166e-5
[2026-03-09 17:40:11]   grad_norm=0.000122 lr=7.52e-6
[2026-03-09 17:40:11]   lr_groups(eqv): p_net=1.5e-6 mech_raw=7.52e-6 | base=7.52e-6
[2026-03-09 17:40:11]   grad_groups(raw): p_net=0.000612 mech_raw=0.0
[2026-03-09 17:40:11]   grad_norm_raw=0.000612 grad_norm_scaled=0.000122 | scale[p_net=0.2, mech_raw=1.0]
[2026-03-09 17:40:11]   parts: state=8.2e-5 x2dot=9.63e-6 x3r=None cont=None l2=None
[2026-03-09 17:40:11]   rec: x1=1.84% x3=45.83%
[2026-03-09 17:40:11]   nn: F_hertz err=95.08%
[2026-03-09 17:40:11]   nn raw: min=-2.07e-7 max=6.75e-6 span=6.96e-6 mean=1.92e-6 neg=17.62%
[2026-03-09 17:40:11]   mech: ks=0.171 (err=71.05%) cs=3.19e-7 (err=32.8%)
[2026-03-09 17:40:15]   adam-vs-raw: dL_adam=8.82e-7 dL_raw=8.11e-7 | step_norm_adam=8.97e-6 step_norm_raw=8.97e-6
[2026-03-09 17:40:15]   adam-vs-raw terms: adam[t1=-5.49e-9, t2=8.87e-7] raw[t1=-5.49e-9, t2=8.17e-7]
[2026-03-09 17:40:23]   mech-grad AD(raw): [1]=0.0000000000000000e+00 [2]=0.0000000000000000e+00
[2026-03-09 17:40:23]   mech-grad FD(raw): [1]=4.1154493584866182e-03 [2]=1.7766256022215255e-02 | h=[3.3701176432006069e-06, 2.8576452269144325e-06]
[2026-03-09 17:40:23]   mech-bound slope dp/draw: ks=1.6052662378006782e-01 cs=2.5413467945432517e-07
[2026-03-09 17:40:23]   mech-grad AD-FD diff(raw): [1]=-4.1154493584866182e-03 [2]=-1.7766256022215255e-02
[2026-03-09 17:40:27]   adam-group-probe: dL_full=8.82e-7 dL_net=7.75e-7 dL_mech=-1.23e-7 cross=2.29e-7
[2026-03-09 17:40:27]   adam-group-step-norms: full=8.97e-6 net=8.97e-6 mech=6.59e-14
[2026-03-09 17:40:29]   step-guard retry 1/6 -- reason=step_trial_loss_jump | lr=1.21e-5 | scale[p_net=0.2, mech_raw=1.0]
[2026-03-09 17:40:32]   step-guard retry 2/6 -- reason=step_trial_loss_jump | lr=1.21e-6 | scale[p_net=0.2, mech_raw=1.0]
[2026-03-09 17:40:34]   step-guard: accepted after 2 retry/reduction(s) | lr=1.21e-6 | trial_loss=9.188e-5
[2026-03-09 17:42:42] Stage2 epoch 93 train=9.188e-5
[2026-03-09 17:42:42]   grad_norm=0.000123 lr=1.21e-6
[2026-03-09 17:42:42]   lr_groups(eqv): p_net=2.41e-7 mech_raw=1.21e-6 | base=1.21e-6
[2026-03-09 17:42:42]   grad_groups(raw): p_net=0.000613 mech_raw=0.0
[2026-03-09 17:42:42]   grad_norm_raw=0.000613 grad_norm_scaled=0.000123 | scale[p_net=0.2, mech_raw=1.0]
[2026-03-09 17:42:42]   parts: state=8.22e-5 x2dot=9.66e-6 x3r=None cont=None l2=None
[2026-03-09 17:42:42]   rec: x1=1.84% x3=45.84%
[2026-03-09 17:42:42]   nn: F_hertz err=95.07%
[2026-03-09 17:42:42]   nn raw: min=-2.05e-7 max=6.74e-6 span=6.95e-6 mean=1.92e-6 neg=17.55%
[2026-03-09 17:42:42]   mech: ks=0.171 (err=71.05%) cs=3.19e-7 (err=32.8%)
[2026-03-09 17:42:46]   adam-vs-raw: dL_adam=7.05e-9 dL_raw=2.79e-8 | step_norm_adam=1.44e-6 step_norm_raw=1.44e-6
[2026-03-09 17:42:46]   adam-vs-raw terms: adam[t1=-8.84e-10, t2=7.93e-9] raw[t1=-8.84e-10, t2=2.88e-8]
[2026-03-09 17:42:54]   mech-grad AD(raw): [1]=0.0000000000000000e+00 [2]=0.0000000000000000e+00
[2026-03-09 17:42:54]   mech-grad FD(raw): [1]=5.7467270088118619e-03 [2]=3.2891067182335774e-02 | h=[3.3701176432006145e-06, 2.8576452269144402e-06]
[2026-03-09 17:42:54]   mech-bound slope dp/draw: ks=1.6052662378006671e-01 cs=2.5413467945432348e-07
[2026-03-09 17:42:54]   mech-grad AD-FD diff(raw): [1]=-5.7467270088118619e-03 [2]=-3.2891067182335774e-02
[2026-03-09 17:42:58]   adam-group-probe: dL_full=7.05e-9 dL_net=6.68e-8 dL_mech=-1.49e-7 cross=8.97e-8
[2026-03-09 17:42:58]   adam-group-step-norms: full=1.44e-6 net=1.44e-6 mech=9.42e-15
[2026-03-09 17:43:00]   step-guard retry 1/6 -- reason=step_trial_loss_jump | lr=1.95e-6 | scale[p_net=0.2, mech_raw=1.0]
[2026-03-09 17:43:02]   step-guard: accepted after 1 retry/reduction(s) | lr=1.95e-6 | trial_loss=9.206e-5
[2026-03-09 17:45:08] Stage2 epoch 94 train=9.206e-5
[2026-03-09 17:45:08]   grad_norm=0.000123 lr=1.95e-6
[2026-03-09 17:45:08]   lr_groups(eqv): p_net=3.89e-7 mech_raw=1.95e-6 | base=1.95e-6
[2026-03-09 17:45:08]   grad_groups(raw): p_net=0.000613 mech_raw=0.0
[2026-03-09 17:45:08]   grad_norm_raw=0.000613 grad_norm_scaled=0.000123 | scale[p_net=0.2, mech_raw=1.0]
[2026-03-09 17:45:08]   parts: state=8.24e-5 x2dot=9.68e-6 x3r=None cont=None l2=None
[2026-03-09 17:45:08]   rec: x1=1.84% x3=45.84%
[2026-03-09 17:45:08]   nn: F_hertz err=95.05%
[2026-03-09 17:45:08]   nn raw: min=-2.02e-7 max=6.73e-6 span=6.93e-6 mean=1.92e-6 neg=17.44%
[2026-03-09 17:45:08]   mech: ks=0.171 (err=71.05%) cs=3.19e-7 (err=32.8%)
[2026-03-09 17:45:12]   adam-vs-raw: dL_adam=1.28e-7 dL_raw=2.48e-7 | step_norm_adam=2.33e-6 step_norm_raw=2.33e-6
[2026-03-09 17:45:12]   adam-vs-raw terms: adam[t1=-1.43e-9, t2=1.29e-7] raw[t1=-1.43e-9, t2=2.49e-7]
[2026-03-09 17:45:20]   mech-grad AD(raw): [1]=0.0000000000000000e+00 [2]=0.0000000000000000e+00
[2026-03-09 17:45:20]   mech-grad FD(raw): [1]=2.6631978478705742e-02 [2]=-4.3367510743141817e-02 | h=[3.3701176432006251e-06, 2.8576452269144508e-06]
[2026-03-09 17:45:20]   mech-bound slope dp/draw: ks=1.6052662378006513e-01 cs=2.5413467945432104e-07
[2026-03-09 17:45:20]   mech-grad AD-FD diff(raw): [1]=-2.6631978478705742e-02 [2]=4.3367510743141817e-02
[2026-03-09 17:45:24]   adam-group-probe: dL_full=1.28e-7 dL_net=3.07e-7 dL_mech=-1.6e-7 cross=-1.96e-8
[2026-03-09 17:45:24]   adam-group-step-norms: full=2.33e-6 net=2.33e-6 mech=1.38e-14
[2026-03-09 17:45:26]   step-guard retry 1/6 -- reason=step_trial_loss_jump | lr=3.16e-6 | scale[p_net=0.2, mech_raw=1.0]
[2026-03-09 17:45:28]   step-guard: accepted after 1 retry/reduction(s) | lr=3.16e-6 | trial_loss=9.236e-5
[2026-03-09 17:47:36] Stage2 epoch 95 train=9.236e-5
[2026-03-09 17:47:36]   grad_norm=0.000123 lr=3.16e-6
[2026-03-09 17:47:36]   lr_groups(eqv): p_net=6.31e-7 mech_raw=3.16e-6 | base=3.16e-6
[2026-03-09 17:47:36]   grad_groups(raw): p_net=0.000614 mech_raw=0.0
[2026-03-09 17:47:36]   grad_norm_raw=0.000614 grad_norm_scaled=0.000123 | scale[p_net=0.2, mech_raw=1.0]
[2026-03-09 17:47:36]   parts: state=8.26e-5 x2dot=9.71e-6 x3r=None cont=None l2=None
[2026-03-09 17:47:36]   rec: x1=1.85% x3=45.86%
[2026-03-09 17:47:36]   nn: F_hertz err=95.01%
[2026-03-09 17:47:36]   nn raw: min=-1.98e-7 max=6.71e-6 span=6.91e-6 mean=1.93e-6 neg=17.26%
[2026-03-09 17:47:36]   mech: ks=0.171 (err=71.05%) cs=3.19e-7 (err=32.8%)
[2026-03-09 17:47:40]   adam-vs-raw: dL_adam=4.53e-7 dL_raw=6.69e-7 | step_norm_adam=3.79e-6 step_norm_raw=3.79e-6
[2026-03-09 17:47:40]   adam-vs-raw terms: adam[t1=-2.33e-9, t2=4.55e-7] raw[t1=-2.33e-9, t2=6.71e-7]
[2026-03-09 17:47:48]   mech-grad AD(raw): [1]=0.0000000000000000e+00 [2]=0.0000000000000000e+00
[2026-03-09 17:47:48]   mech-grad FD(raw): [1]=-6.4881654754118381e-03 [2]=-6.1855076045286457e-03 | h=[3.3701176432006412e-06, 2.8576452269144668e-06]
[2026-03-09 17:47:48]   mech-bound slope dp/draw: ks=1.6052662378006272e-01 cs=2.5413467945431739e-07
[2026-03-09 17:47:48]   mech-grad AD-FD diff(raw): [1]=6.4881654754118381e-03 [2]=6.1855076045286457e-03
[2026-03-09 17:47:53]   adam-group-probe: dL_full=4.53e-7 dL_net=5.59e-7 dL_mech=8.4e-8 cross=-1.9e-7
[2026-03-09 17:47:53]   adam-group-step-norms: full=3.79e-6 net=3.79e-6 mech=2.01e-14
[2026-03-09 17:47:55]   step-guard retry 1/6 -- reason=step_trial_loss_jump | lr=5.14e-6 | scale[p_net=0.2, mech_raw=1.0]
[2026-03-09 17:47:57]   step-guard: accepted after 1 retry/reduction(s) | lr=5.14e-6 | trial_loss=9.297e-5
[2026-03-09 17:50:06] Stage2 epoch 96 train=9.297e-5
[2026-03-09 17:50:06]   grad_norm=0.000123 lr=5.14e-6
[2026-03-09 17:50:06]   lr_groups(eqv): p_net=1.03e-6 mech_raw=5.14e-6 | base=5.14e-6
[2026-03-09 17:50:06]   grad_groups(raw): p_net=0.000616 mech_raw=0.0
[2026-03-09 17:50:06]   grad_norm_raw=0.000616 grad_norm_scaled=0.000123 | scale[p_net=0.2, mech_raw=1.0]
[2026-03-09 17:50:06]   parts: state=8.32e-5 x2dot=9.78e-6 x3r=None cont=None l2=None
[2026-03-09 17:50:06]   rec: x1=1.85% x3=45.89%
[2026-03-09 17:50:06]   nn: F_hertz err=94.96%
[2026-03-09 17:50:06]   nn raw: min=-1.91e-7 max=6.68e-6 span=6.87e-6 mean=1.94e-6 neg=16.93%
[2026-03-09 17:50:06]   mech: ks=0.171 (err=71.05%) cs=3.19e-7 (err=32.8%)
[2026-03-09 17:50:11]   adam-vs-raw: dL_adam=6.83e-7 dL_raw=6.87e-7 | step_norm_adam=6.19e-6 step_norm_raw=6.19e-6
[2026-03-09 17:50:11]   adam-vs-raw terms: adam[t1=-3.81e-9, t2=6.87e-7] raw[t1=-3.81e-9, t2=6.91e-7]
[2026-03-09 17:50:19]   mech-grad AD(raw): [1]=0.0000000000000000e+00 [2]=0.0000000000000000e+00
[2026-03-09 17:50:19]   mech-grad FD(raw): [1]=2.2123943065761296e-02 [2]=-1.6764637041054187e-02 | h=[3.3701176432006641e-06, 2.8576452269144901e-06]
[2026-03-09 17:50:19]   mech-bound slope dp/draw: ks=1.6052662378005927e-01 cs=2.5413467945431220e-07
[2026-03-09 17:50:19]   mech-grad AD-FD diff(raw): [1]=-2.2123943065761296e-02 [2]=1.6764637041054187e-02
[2026-03-09 17:50:23]   adam-group-probe: dL_full=6.83e-7 dL_net=5.22e-7 dL_mech=2.19e-9 cross=1.59e-7
[2026-03-09 17:50:23]   adam-group-step-norms: full=6.19e-6 net=6.19e-6 mech=2.95e-14
[2026-03-09 17:50:25]   step-guard retry 1/6 -- reason=step_trial_loss_jump | lr=8.39e-6 | scale[p_net=0.2, mech_raw=1.0]
[2026-03-09 17:50:27]   step-guard retry 2/6 -- reason=step_trial_loss_jump | lr=8.39e-7 | scale[p_net=0.2, mech_raw=1.0]
[2026-03-09 17:50:29]   step-guard: accepted after 2 retry/reduction(s) | lr=8.39e-7 | trial_loss=9.324e-5
[2026-03-09 17:52:37] Stage2 epoch 97 train=9.324e-5
[2026-03-09 17:52:37]   grad_norm=0.000123 lr=8.39e-7
[2026-03-09 17:52:37]   lr_groups(eqv): p_net=1.68e-7 mech_raw=8.39e-7 | base=8.39e-7
[2026-03-09 17:52:37]   grad_groups(raw): p_net=0.000617 mech_raw=0.0
[2026-03-09 17:52:37]   grad_norm_raw=0.000617 grad_norm_scaled=0.000123 | scale[p_net=0.2, mech_raw=1.0]
[2026-03-09 17:52:37]   parts: state=8.34e-5 x2dot=9.81e-6 x3r=None cont=None l2=None
[2026-03-09 17:52:37]   rec: x1=1.85% x3=45.89%
[2026-03-09 17:52:37]   nn: F_hertz err=94.95%
[2026-03-09 17:52:37]   nn raw: min=-1.9e-7 max=6.67e-6 span=6.86e-6 mean=1.94e-6 neg=16.86%
[2026-03-09 17:52:37]   mech: ks=0.171 (err=71.05%) cs=3.19e-7 (err=32.8%)
[2026-03-09 17:52:41]   adam-vs-raw: dL_adam=-1.07e-7 dL_raw=-6.51e-8 | step_norm_adam=1.01e-6 step_norm_raw=1.01e-6
[2026-03-09 17:52:41]   adam-vs-raw terms: adam[t1=-6.25e-10, t2=-1.06e-7] raw[t1=-6.25e-10, t2=-6.45e-8]
[2026-03-09 17:52:49]   mech-grad AD(raw): [1]=0.0000000000000000e+00 [2]=0.0000000000000000e+00
[2026-03-09 17:52:49]   mech-grad FD(raw): [1]=-1.0004467285001430e-02 [2]=-5.6711030061723178e-02 | h=[3.3701176432006679e-06, 2.8576452269144935e-06]
[2026-03-09 17:52:49]   mech-bound slope dp/draw: ks=1.6052662378005869e-01 cs=2.5413467945431141e-07
[2026-03-09 17:52:49]   mech-grad AD-FD diff(raw): [1]=1.0004467285001430e-02 [2]=5.6711030061723178e-02
[2026-03-09 17:52:53]   adam-group-probe: dL_full=-1.07e-7 dL_net=-1.05e-7 dL_mech=-9.88e-8 cross=9.73e-8
[2026-03-09 17:52:53]   adam-group-step-norms: full=1.01e-6 net=1.01e-6 mech=4.4e-15
[2026-03-09 17:52:56]   step-guard retry 1/6 -- reason=step_trial_loss_jump | lr=1.38e-6 | scale[p_net=0.2, mech_raw=1.0]
[2026-03-09 17:52:58]   step-guard: accepted after 1 retry/reduction(s) | lr=1.38e-6 | trial_loss=9.32e-5
[2026-03-09 17:55:08] Stage2 epoch 98 train=9.32e-5
[2026-03-09 17:55:08]   grad_norm=0.000123 lr=1.38e-6
[2026-03-09 17:55:08]   lr_groups(eqv): p_net=2.75e-7 mech_raw=1.38e-6 | base=1.38e-6
[2026-03-09 17:55:08]   grad_groups(raw): p_net=0.000617 mech_raw=0.0
[2026-03-09 17:55:08]   grad_norm_raw=0.000617 grad_norm_scaled=0.000123 | scale[p_net=0.2, mech_raw=1.0]
[2026-03-09 17:55:08]   parts: state=8.34e-5 x2dot=9.81e-6 x3r=None cont=None l2=None
[2026-03-09 17:55:08]   rec: x1=1.85% x3=45.9%
[2026-03-09 17:55:08]   nn: F_hertz err=94.94%
[2026-03-09 17:55:08]   nn raw: min=-1.88e-7 max=6.66e-6 span=6.85e-6 mean=1.94e-6 neg=16.8%
[2026-03-09 17:55:08]   mech: ks=0.171 (err=71.05%) cs=3.19e-7 (err=32.8%)
[2026-03-09 17:55:12]   adam-vs-raw: dL_adam=1.17e-8 dL_raw=2.35e-7 | step_norm_adam=1.66e-6 step_norm_raw=1.66e-6
[2026-03-09 17:55:12]   adam-vs-raw terms: adam[t1=-1.03e-9, t2=1.27e-8] raw[t1=-1.03e-9, t2=2.36e-7]
[2026-03-09 17:55:20]   mech-grad AD(raw): [1]=0.0000000000000000e+00 [2]=0.0000000000000000e+00
[2026-03-09 17:55:20]   mech-grad FD(raw): [1]=2.0470626922196894e-02 [2]=7.5735399127470964e-03 | h=[3.3701176432006726e-06, 2.8576452269144982e-06]
[2026-03-09 17:55:20]   mech-bound slope dp/draw: ks=1.6052662378005800e-01 cs=2.5413467945431030e-07
[2026-03-09 17:55:20]   mech-grad AD-FD diff(raw): [1]=-2.0470626922196894e-02 [2]=-7.5735399127470964e-03
[2026-03-09 17:55:24]   adam-group-probe: dL_full=1.17e-8 dL_net=3.4e-7 dL_mech=1.91e-8 cross=-3.47e-7
[2026-03-09 17:55:24]   adam-group-step-norms: full=1.66e-6 net=1.66e-6 mech=6.28e-15
[2026-03-09 17:55:26]   step-guard retry 1/6 -- reason=step_trial_loss_jump | lr=2.26e-6 | scale[p_net=0.2, mech_raw=1.0]
[2026-03-09 17:55:28]   step-guard: accepted after 1 retry/reduction(s) | lr=2.26e-6 | trial_loss=9.355e-5
[2026-03-09 17:57:39] Stage2 epoch 99 train=9.355e-5
[2026-03-09 17:57:39]   grad_norm=0.000124 lr=2.26e-6
[2026-03-09 17:57:39]   lr_groups(eqv): p_net=4.52e-7 mech_raw=2.26e-6 | base=2.26e-6
[2026-03-09 17:57:39]   grad_groups(raw): p_net=0.000618 mech_raw=0.0
[2026-03-09 17:57:39]   grad_norm_raw=0.000618 grad_norm_scaled=0.000124 | scale[p_net=0.2, mech_raw=1.0]
[2026-03-09 17:57:39]   parts: state=8.37e-5 x2dot=9.85e-6 x3r=None cont=None l2=None
[2026-03-09 17:57:39]   rec: x1=1.86% x3=45.91%
[2026-03-09 17:57:39]   nn: F_hertz err=94.91%
[2026-03-09 17:57:39]   nn raw: min=-1.85e-7 max=6.65e-6 span=6.83e-6 mean=1.94e-6 neg=16.66%
[2026-03-09 17:57:39]   mech: ks=0.171 (err=71.05%) cs=3.19e-7 (err=32.8%)
[2026-03-09 17:57:43]   adam-vs-raw: dL_adam=4.37e-7 dL_raw=3.51e-7 | step_norm_adam=2.74e-6 step_norm_raw=2.74e-6
[2026-03-09 17:57:43]   adam-vs-raw terms: adam[t1=-1.69e-9, t2=4.39e-7] raw[t1=-1.69e-9, t2=3.53e-7]
[2026-03-09 17:57:51]   mech-grad AD(raw): [1]=0.0000000000000000e+00 [2]=0.0000000000000000e+00
[2026-03-09 17:57:51]   mech-grad FD(raw): [1]=2.3666985383912188e-02 [2]=6.9319558890384145e-02 | h=[3.3701176432006802e-06, 2.8576452269145058e-06]
[2026-03-09 17:57:51]   mech-bound slope dp/draw: ks=1.6052662378005683e-01 cs=2.5413467945430860e-07
[2026-03-09 17:57:51]   mech-grad AD-FD diff(raw): [1]=-2.3666985383912188e-02 [2]=-6.9319558890384145e-02
[2026-03-09 17:57:55]   adam-group-probe: dL_full=4.37e-7 dL_net=2.79e-7 dL_mech=-3.35e-8 cross=1.92e-7
[2026-03-09 17:57:55]   adam-group-step-norms: full=2.74e-6 net=2.74e-6 mech=9.42e-15
[2026-03-09 17:57:57]   step-guard retry 1/6 -- reason=step_trial_loss_jump | lr=3.73e-6 | scale[p_net=0.2, mech_raw=1.0]
[2026-03-09 17:57:59]   step-guard: accepted after 1 retry/reduction(s) | lr=3.73e-6 | trial_loss=9.414e-5
[2026-03-09 18:00:12] Stage2 epoch 100 train=9.414e-5
[2026-03-09 18:00:12]   grad_norm=0.000124 lr=3.73e-6
[2026-03-09 18:00:12]   lr_groups(eqv): p_net=7.46e-7 mech_raw=3.73e-6 | base=3.73e-6
[2026-03-09 18:00:12]   grad_groups(raw): p_net=0.00062 mech_raw=0.0
[2026-03-09 18:00:12]   grad_norm_raw=0.00062 grad_norm_scaled=0.000124 | scale[p_net=0.2, mech_raw=1.0]
[2026-03-09 18:00:12]   parts: state=8.42e-5 x2dot=9.91e-6 x3r=None cont=None l2=None
[2026-03-09 18:00:12]   rec: x1=1.86% x3=45.93%
[2026-03-09 18:00:12]   nn: F_hertz err=94.88%
[2026-03-09 18:00:12]   nn raw: min=-1.8e-7 max=6.62e-6 span=6.8e-6 mean=1.95e-6 neg=16.45%
[2026-03-09 18:00:12]   mech: ks=0.171 (err=71.05%) cs=3.19e-7 (err=32.8%)
[2026-03-09 18:00:16]   adam-vs-raw: dL_adam=2.05e-7 dL_raw=2.0e-7 | step_norm_adam=4.53e-6 step_norm_raw=4.53e-6
[2026-03-09 18:00:16]   adam-vs-raw terms: adam[t1=-2.81e-9, t2=2.08e-7] raw[t1=-2.81e-9, t2=2.03e-7]
[2026-03-09 18:00:25]   mech-grad AD(raw): [1]=0.0000000000000000e+00 [2]=0.0000000000000000e+00
[2026-03-09 18:00:25]   mech-grad FD(raw): [1]=2.6005103582416672e-02 [2]=2.2050254295324291e-02 | h=[3.3701176432006912e-06, 2.8576452269145172e-06]
[2026-03-09 18:00:25]   mech-bound slope dp/draw: ks=1.6052662378005517e-01 cs=2.5413467945430606e-07
[2026-03-09 18:00:25]   mech-grad AD-FD diff(raw): [1]=-2.6005103582416672e-02 [2]=-2.2050254295324291e-02
[2026-03-09 18:00:29]   adam-group-probe: dL_full=2.05e-7 dL_net=1.44e-7 dL_mech=-2.99e-7 cross=3.6e-7
[2026-03-09 18:00:29]   adam-group-step-norms: full=4.53e-6 net=4.53e-6 mech=1.38e-14
[2026-03-09 18:00:31]   step-guard retry 1/6 -- reason=step_trial_loss_jump | lr=6.17e-6 | scale[p_net=0.2, mech_raw=1.0]
[2026-03-09 18:00:33]   step-guard: accepted after 1 retry/reduction(s) | lr=6.17e-6 | trial_loss=9.479e-5
[2026-03-09 18:02:47] Stage2 epoch 101 train=9.479e-5
[2026-03-09 18:02:47]   grad_norm=0.000124 lr=6.17e-6
[2026-03-09 18:02:47]   lr_groups(eqv): p_net=1.23e-6 mech_raw=6.17e-6 | base=6.17e-6
[2026-03-09 18:02:47]   grad_groups(raw): p_net=0.000622 mech_raw=0.0
[2026-03-09 18:02:47]   grad_norm_raw=0.000622 grad_norm_scaled=0.000124 | scale[p_net=0.2, mech_raw=1.0]
[2026-03-09 18:02:47]   parts: state=8.48e-5 x2dot=9.99e-6 x3r=None cont=None l2=None
[2026-03-09 18:02:47]   rec: x1=1.87% x3=45.97%
[2026-03-09 18:02:47]   nn: F_hertz err=94.81%
[2026-03-09 18:02:47]   nn raw: min=-1.72e-7 max=6.58e-6 span=6.75e-6 mean=1.96e-6 neg=16.05%
[2026-03-09 18:02:47]   mech: ks=0.171 (err=71.05%) cs=3.19e-7 (err=32.8%)
[2026-03-09 18:02:52]   adam-vs-raw: dL_adam=8.84e-7 dL_raw=7.2e-7 | step_norm_adam=7.51e-6 step_norm_raw=7.51e-6
[2026-03-09 18:02:52]   adam-vs-raw terms: adam[t1=-4.67e-9, t2=8.89e-7] raw[t1=-4.67e-9, t2=7.25e-7]
[2026-03-09 18:03:00]   mech-grad AD(raw): [1]=0.0000000000000000e+00 [2]=0.0000000000000000e+00
[2026-03-09 18:03:00]   mech-grad FD(raw): [1]=4.6840969066549734e-02 [2]=3.5104926724174257e-02 | h=[3.3701176432007077e-06, 2.8576452269145333e-06]
[2026-03-09 18:03:00]   mech-bound slope dp/draw: ks=1.6052662378005272e-01 cs=2.5413467945430230e-07
[2026-03-09 18:03:00]   mech-grad AD-FD diff(raw): [1]=-4.6840969066549734e-02 [2]=-3.5104926724174257e-02
[2026-03-09 18:03:04]   adam-group-probe: dL_full=8.84e-7 dL_net=7.15e-7 dL_mech=5.71e-8 cross=1.12e-7
[2026-03-09 18:03:04]   adam-group-step-norms: full=7.51e-6 net=7.51e-6 mech=2.07e-14
[2026-03-09 18:03:06]   step-guard retry 1/6 -- reason=step_trial_loss_jump | lr=1.02e-5 | scale[p_net=0.2, mech_raw=1.0]
[2026-03-09 18:03:08]   step-guard retry 2/6 -- reason=step_trial_loss_jump | lr=1.02e-6 | scale[p_net=0.2, mech_raw=1.0]
[2026-03-09 18:03:10]   step-guard: accepted after 2 retry/reduction(s) | lr=1.02e-6 | trial_loss=9.486e-5
[2026-03-09 18:05:18] Stage2 epoch 102 train=9.486e-5
[2026-03-09 18:05:18]   grad_norm=0.000124 lr=1.02e-6
[2026-03-09 18:05:18]   lr_groups(eqv): p_net=2.04e-7 mech_raw=1.02e-6 | base=1.02e-6
[2026-03-09 18:05:18]   grad_groups(raw): p_net=0.000622 mech_raw=0.0
[2026-03-09 18:05:18]   grad_norm_raw=0.000622 grad_norm_scaled=0.000124 | scale[p_net=0.2, mech_raw=1.0]
[2026-03-09 18:05:18]   parts: state=8.49e-5 x2dot=1.0e-5 x3r=None cont=None l2=None
[2026-03-09 18:05:18]   rec: x1=1.87% x3=45.97%
[2026-03-09 18:05:18]   nn: F_hertz err=94.8%
[2026-03-09 18:05:18]   nn raw: min=-1.71e-7 max=6.57e-6 span=6.74e-6 mean=1.96e-6 neg=16.0%
[2026-03-09 18:05:18]   mech: ks=0.171 (err=71.05%) cs=3.19e-7 (err=32.8%)
[2026-03-09 18:05:22]   adam-vs-raw: dL_adam=2.14e-7 dL_raw=1.07e-7 | step_norm_adam=1.25e-6 step_norm_raw=1.25e-6
[2026-03-09 18:05:22]   adam-vs-raw terms: adam[t1=-7.76e-10, t2=2.15e-7] raw[t1=-7.76e-10, t2=1.08e-7]
[2026-03-09 18:05:31]   mech-grad AD(raw): [1]=0.0000000000000000e+00 [2]=0.0000000000000000e+00
[2026-03-09 18:05:31]   mech-grad FD(raw): [1]=1.4017028975759887e-02 [2]=-8.5537528946390655e-03 | h=[3.3701176432007098e-06, 2.8576452269145359e-06]
[2026-03-09 18:05:31]   mech-bound slope dp/draw: ks=1.6052662378005239e-01 cs=2.5413467945430183e-07
[2026-03-09 18:05:31]   mech-grad AD-FD diff(raw): [1]=-1.4017028975759887e-02 [2]=8.5537528946390655e-03
[2026-03-09 18:05:35]   adam-group-probe: dL_full=2.14e-7 dL_net=3.97e-8 dL_mech=8.46e-8 cross=8.98e-8
[2026-03-09 18:05:35]   adam-group-step-norms: full=1.25e-6 net=1.25e-6 mech=3.14e-15
[2026-03-09 18:05:37]   step-guard retry 1/6 -- reason=step_trial_loss_jump | lr=1.7e-6 | scale[p_net=0.2, mech_raw=1.0]
[2026-03-09 18:05:39]   step-guard: accepted after 1 retry/reduction(s) | lr=1.7e-6 | trial_loss=9.5e-5
[2026-03-09 18:07:52] Stage2 epoch 103 train=9.5e-5
[2026-03-09 18:07:52]   grad_norm=0.000124 lr=1.7e-6
[2026-03-09 18:07:52]   lr_groups(eqv): p_net=3.39e-7 mech_raw=1.7e-6 | base=1.7e-6
[2026-03-09 18:07:52]   grad_groups(raw): p_net=0.000622 mech_raw=0.0
[2026-03-09 18:07:52]   grad_norm_raw=0.000622 grad_norm_scaled=0.000124 | scale[p_net=0.2, mech_raw=1.0]
[2026-03-09 18:07:52]   parts: state=8.5e-5 x2dot=1.0e-5 x3r=None cont=None l2=None
[2026-03-09 18:07:52]   rec: x1=1.87% x3=45.98%
[2026-03-09 18:07:52]   nn: F_hertz err=94.79%
[2026-03-09 18:07:52]   nn raw: min=-1.68e-7 max=6.56e-6 span=6.73e-6 mean=1.96e-6 neg=15.92%
[2026-03-09 18:07:52]   mech: ks=0.171 (err=71.05%) cs=3.19e-7 (err=32.8%)
[2026-03-09 18:07:57]   adam-vs-raw: dL_adam=2.81e-7 dL_raw=1.91e-7 | step_norm_adam=2.07e-6 step_norm_raw=2.07e-6
[2026-03-09 18:07:57]   adam-vs-raw terms: adam[t1=-1.29e-9, t2=2.82e-7] raw[t1=-1.29e-9, t2=1.92e-7]
[2026-03-09 18:08:05]   mech-grad AD(raw): [1]=0.0000000000000000e+00 [2]=0.0000000000000000e+00
[2026-03-09 18:08:05]   mech-grad FD(raw): [1]=-1.5892589217167841e-02 [2]=2.2107074108683032e-02 | h=[3.3701176432007136e-06, 2.8576452269145393e-06]
[2026-03-09 18:08:05]   mech-bound slope dp/draw: ks=1.6052662378005189e-01 cs=2.5413467945430098e-07
[2026-03-09 18:08:05]   mech-grad AD-FD diff(raw): [1]=1.5892589217167841e-02 [2]=-2.2107074108683032e-02
[2026-03-09 18:08:09]   adam-group-probe: dL_full=2.81e-7 dL_net=3.59e-7 dL_mech=-1.6e-7 cross=8.21e-8
[2026-03-09 18:08:09]   adam-group-step-norms: full=2.07e-6 net=2.07e-6 mech=4.4e-15
[2026-03-09 18:08:11]   step-guard retry 1/6 -- reason=step_trial_loss_jump | lr=2.82e-6 | scale[p_net=0.2, mech_raw=1.0]
[2026-03-09 18:08:13]   step-guard: accepted after 1 retry/reduction(s) | lr=2.82e-6 | trial_loss=9.562e-5
[2026-03-09 18:10:23] Stage2 epoch 104 train=9.562e-5
[2026-03-09 18:10:23]   grad_norm=0.000125 lr=2.82e-6
[2026-03-09 18:10:23]   lr_groups(eqv): p_net=5.64e-7 mech_raw=2.82e-6 | base=2.82e-6
[2026-03-09 18:10:23]   grad_groups(raw): p_net=0.000625 mech_raw=0.0
[2026-03-09 18:10:23]   grad_norm_raw=0.000625 grad_norm_scaled=0.000125 | scale[p_net=0.2, mech_raw=1.0]
[2026-03-09 18:10:23]   parts: state=8.55e-5 x2dot=1.01e-5 x3r=None cont=None l2=None
[2026-03-09 18:10:23]   rec: x1=1.88% x3=46.0%
[2026-03-09 18:10:23]   nn: F_hertz err=94.76%
[2026-03-09 18:10:23]   nn raw: min=-1.65e-7 max=6.54e-6 span=6.71e-6 mean=1.97e-6 neg=15.72%
[2026-03-09 18:10:23]   mech: ks=0.171 (err=71.05%) cs=3.19e-7 (err=32.8%)
[2026-03-09 18:10:27]   adam-vs-raw: dL_adam=1.2e-7 dL_raw=-1.15e-7 | step_norm_adam=3.45e-6 step_norm_raw=3.45e-6
[2026-03-09 18:10:27]   adam-vs-raw terms: adam[t1=-2.16e-9, t2=1.23e-7] raw[t1=-2.16e-9, t2=-1.13e-7]
[2026-03-09 18:10:36]   mech-grad AD(raw): [1]=0.0000000000000000e+00 [2]=0.0000000000000000e+00
[2026-03-09 18:10:36]   mech-grad FD(raw): [1]=5.7706737889137733e-03 [2]=3.8223078789466465e-02 | h=[3.3701176432007187e-06, 2.8576452269145448e-06]
[2026-03-09 18:10:36]   mech-bound slope dp/draw: ks=1.6052662378005109e-01 cs=2.5413467945429976e-07
[2026-03-09 18:10:36]   mech-grad AD-FD diff(raw): [1]=-5.7706737889137733e-03 [2]=-3.8223078789466465e-02
[2026-03-09 18:10:40]   adam-group-probe: dL_full=1.2e-7 dL_net=1.52e-7 dL_mech=-2.49e-7 cross=2.17e-7
[2026-03-09 18:10:40]   adam-group-step-norms: full=3.45e-6 net=3.45e-6 mech=6.91e-15
[2026-03-09 18:10:42]   step-guard retry 1/6 -- reason=step_trial_loss_jump | lr=4.69e-6 | scale[p_net=0.2, mech_raw=1.0]
[2026-03-09 18:10:44]   step-guard: accepted after 1 retry/reduction(s) | lr=4.69e-6 | trial_loss=9.622e-5
[2026-03-09 18:12:54] Stage2 epoch 105 train=9.622e-5
[2026-03-09 18:12:54]   grad_norm=0.000125 lr=4.69e-6
[2026-03-09 18:12:54]   lr_groups(eqv): p_net=9.38e-7 mech_raw=4.69e-6 | base=4.69e-6
[2026-03-09 18:12:54]   grad_groups(raw): p_net=0.000626 mech_raw=0.0
[2026-03-09 18:12:54]   grad_norm_raw=0.000626 grad_norm_scaled=0.000125 | scale[p_net=0.2, mech_raw=1.0]
[2026-03-09 18:12:54]   parts: state=8.61e-5 x2dot=1.02e-5 x3r=None cont=None l2=None
[2026-03-09 18:12:54]   rec: x1=1.88% x3=46.03%
[2026-03-09 18:12:54]   nn: F_hertz err=94.71%
[2026-03-09 18:12:54]   nn raw: min=-1.59e-7 max=6.51e-6 span=6.67e-6 mean=1.97e-6 neg=15.44%
[2026-03-09 18:12:54]   mech: ks=0.171 (err=71.05%) cs=3.19e-7 (err=32.8%)
[2026-03-09 18:12:58]   adam-vs-raw: dL_adam=3.39e-7 dL_raw=3.65e-7 | step_norm_adam=5.76e-6 step_norm_raw=5.76e-6
[2026-03-09 18:12:58]   adam-vs-raw terms: adam[t1=-3.61e-9, t2=3.42e-7] raw[t1=-3.61e-9, t2=3.69e-7]
[2026-03-09 18:13:06]   mech-grad AD(raw): [1]=0.0000000000000000e+00 [2]=0.0000000000000000e+00
[2026-03-09 18:13:06]   mech-grad FD(raw): [1]=9.3573793964273396e-03 [2]=2.1325666778160075e-02 | h=[3.3701176432007268e-06, 2.8576452269145524e-06]
[2026-03-09 18:13:06]   mech-bound slope dp/draw: ks=1.6052662378004987e-01 cs=2.5413467945429796e-07
[2026-03-09 18:13:06]   mech-grad AD-FD diff(raw): [1]=-9.3573793964273396e-03 [2]=-2.1325666778160075e-02
[2026-03-09 18:13:10]   adam-group-probe: dL_full=3.39e-7 dL_net=5.21e-7 dL_mech=-2.48e-7 cross=6.6e-8
[2026-03-09 18:13:10]   adam-group-step-norms: full=5.76e-6 net=5.76e-6 mech=1.07e-14
[2026-03-09 18:13:12]   step-guard retry 1/6 -- reason=step_trial_loss_jump | lr=7.82e-6 | scale[p_net=0.2, mech_raw=1.0]
[2026-03-09 18:13:14]   step-guard: accepted after 1 retry/reduction(s) | lr=7.82e-6 | trial_loss=9.692e-5
[2026-03-09 18:15:22] Stage2 epoch 106 train=9.692e-5
[2026-03-09 18:15:22]   grad_norm=0.000126 lr=7.82e-6
[2026-03-09 18:15:22]   lr_groups(eqv): p_net=1.56e-6 mech_raw=7.82e-6 | base=7.82e-6
[2026-03-09 18:15:22]   grad_groups(raw): p_net=0.000628 mech_raw=0.0
[2026-03-09 18:15:22]   grad_norm_raw=0.000628 grad_norm_scaled=0.000126 | scale[p_net=0.2, mech_raw=1.0]
[2026-03-09 18:15:22]   parts: state=8.67e-5 x2dot=1.02e-5 x3r=None cont=None l2=None
[2026-03-09 18:15:22]   rec: x1=1.89% x3=46.07%
[2026-03-09 18:15:22]   nn: F_hertz err=94.64%
[2026-03-09 18:15:22]   nn raw: min=-1.49e-7 max=6.57e-6 span=6.72e-6 mean=1.99e-6 neg=14.92%
[2026-03-09 18:15:22]   mech: ks=0.171 (err=71.05%) cs=3.19e-7 (err=32.8%)
[2026-03-09 18:15:26]   adam-vs-raw: dL_adam=9.97e-7 dL_raw=1.25e-6 | step_norm_adam=9.63e-6 step_norm_raw=9.63e-6
[2026-03-09 18:15:26]   adam-vs-raw terms: adam[t1=-6.05e-9, t2=1.0e-6] raw[t1=-6.05e-9, t2=1.25e-6]
[2026-03-09 18:15:34]   mech-grad AD(raw): [1]=0.0000000000000000e+00 [2]=0.0000000000000000e+00
[2026-03-09 18:15:34]   mech-grad FD(raw): [1]=-2.8389810042464266e-02 [2]=1.2426040963452152e-02 | h=[3.3701176432007391e-06, 2.8576452269145651e-06]
[2026-03-09 18:15:34]   mech-bound slope dp/draw: ks=1.6052662378004801e-01 cs=2.5413467945429516e-07
[2026-03-09 18:15:34]   mech-grad AD-FD diff(raw): [1]=2.8389810042464266e-02 [2]=-1.2426040963452152e-02
[2026-03-09 18:15:38]   adam-group-probe: dL_full=9.97e-7 dL_net=1.05e-6 dL_mech=2.27e-7 cross=-2.79e-7
[2026-03-09 18:15:38]   adam-group-step-norms: full=9.63e-6 net=9.63e-6 mech=1.57e-14
[2026-03-09 18:15:40]   step-guard retry 1/6 -- reason=step_trial_loss_jump | lr=1.3e-5 | scale[p_net=0.2, mech_raw=1.0]
[2026-03-09 18:15:42]   step-guard retry 2/6 -- reason=step_trial_loss_jump | lr=1.3e-6 | scale[p_net=0.2, mech_raw=1.0]
[2026-03-09 18:15:45]   step-guard: accepted after 2 retry/reduction(s) | lr=1.3e-6 | trial_loss=9.739e-5
[2026-03-09 18:17:51] Stage2 epoch 107 train=9.739e-5
[2026-03-09 18:17:51]   grad_norm=0.000126 lr=1.3e-6
[2026-03-09 18:17:51]   lr_groups(eqv): p_net=2.61e-7 mech_raw=1.3e-6 | base=1.3e-6
[2026-03-09 18:17:51]   grad_groups(raw): p_net=0.00063 mech_raw=0.0
[2026-03-09 18:17:51]   grad_norm_raw=0.00063 grad_norm_scaled=0.000126 | scale[p_net=0.2, mech_raw=1.0]
[2026-03-09 18:17:51]   parts: state=8.71e-5 x2dot=1.03e-5 x3r=None cont=None l2=None
[2026-03-09 18:17:51]   rec: x1=1.89% x3=46.07%
[2026-03-09 18:17:51]   nn: F_hertz err=94.63%
[2026-03-09 18:17:51]   nn raw: min=-1.48e-7 max=6.59e-6 span=6.73e-6 mean=1.99e-6 neg=14.87%
[2026-03-09 18:17:51]   mech: ks=0.171 (err=71.05%) cs=3.19e-7 (err=32.8%)
[2026-03-09 18:17:56]   adam-vs-raw: dL_adam=-2.34e-7 dL_raw=9.66e-8 | step_norm_adam=1.61e-6 step_norm_raw=1.61e-6
[2026-03-09 18:17:56]   adam-vs-raw terms: adam[t1=-1.01e-9, t2=-2.33e-7] raw[t1=-1.01e-9, t2=9.77e-8]
[2026-03-09 18:18:04]   mech-grad AD(raw): [1]=0.0000000000000000e+00 [2]=0.0000000000000000e+00
[2026-03-09 18:18:04]   mech-grad FD(raw): [1]=1.3441031578816624e-02 [2]=7.1955570012304255e-03 | h=[3.3701176432007412e-06, 2.8576452269145668e-06]
[2026-03-09 18:18:04]   mech-bound slope dp/draw: ks=1.6052662378004773e-01 cs=2.5413467945429478e-07
[2026-03-09 18:18:04]   mech-grad AD-FD diff(raw): [1]=-1.3441031578816624e-02 [2]=-7.1955570012304255e-03
[2026-03-09 18:18:08]   adam-group-probe: dL_full=-2.34e-7 dL_net=1.96e-7 dL_mech=-1.11e-7 cross=-3.19e-7
[2026-03-09 18:18:08]   adam-group-step-norms: full=1.61e-6 net=1.61e-6 mech=2.51e-15
[2026-03-09 18:18:10]   step-guard retry 1/6 -- reason=step_trial_loss_jump | lr=2.18e-6 | scale[p_net=0.2, mech_raw=1.0]
[2026-03-09 18:18:12]   step-guard: accepted after 1 retry/reduction(s) | lr=2.18e-6 | trial_loss=9.746e-5
[2026-03-09 18:20:18] Stage2 epoch 108 train=9.746e-5
[2026-03-09 18:20:18]   grad_norm=0.000126 lr=2.18e-6
[2026-03-09 18:20:18]   lr_groups(eqv): p_net=4.36e-7 mech_raw=2.18e-6 | base=2.18e-6
[2026-03-09 18:20:18]   grad_groups(raw): p_net=0.00063 mech_raw=0.0
[2026-03-09 18:20:18]   grad_norm_raw=0.00063 grad_norm_scaled=0.000126 | scale[p_net=0.2, mech_raw=1.0]
[2026-03-09 18:20:18]   parts: state=8.72e-5 x2dot=1.03e-5 x3r=None cont=None l2=None
[2026-03-09 18:20:18]   rec: x1=1.9% x3=46.09%
[2026-03-09 18:20:18]   nn: F_hertz err=94.6%
[2026-03-09 18:20:18]   nn raw: min=-1.45e-7 max=6.61e-6 span=6.75e-6 mean=1.99e-6 neg=14.74%
[2026-03-09 18:20:18]   mech: ks=0.171 (err=71.05%) cs=3.19e-7 (err=32.8%)
[2026-03-09 18:20:22]   adam-vs-raw: dL_adam=3.02e-7 dL_raw=3.3e-7 | step_norm_adam=2.69e-6 step_norm_raw=2.69e-6
[2026-03-09 18:20:22]   adam-vs-raw terms: adam[t1=-1.7e-9, t2=3.04e-7] raw[t1=-1.7e-9, t2=3.31e-7]
[2026-03-09 18:20:30]   mech-grad AD(raw): [1]=0.0000000000000000e+00 [2]=0.0000000000000000e+00
[2026-03-09 18:20:30]   mech-grad FD(raw): [1]=-2.4299767375867459e-03 [2]=-9.7626936531060617e-03 | h=[3.3701176432007437e-06, 2.8576452269145693e-06]
[2026-03-09 18:20:30]   mech-bound slope dp/draw: ks=1.6052662378004731e-01 cs=2.5413467945429415e-07
[2026-03-09 18:20:30]   mech-grad AD-FD diff(raw): [1]=2.4299767375867459e-03 [2]=9.7626936531060617e-03
[2026-03-09 18:20:34]   adam-group-probe: dL_full=3.02e-7 dL_net=2.28e-7 dL_mech=-1.77e-8 cross=9.2e-8
[2026-03-09 18:20:34]   adam-group-step-norms: full=2.69e-6 net=2.69e-6 mech=3.77e-15
[2026-03-09 18:20:37]   step-guard retry 1/6 -- reason=step_trial_loss_jump | lr=3.64e-6 | scale[p_net=0.2, mech_raw=1.0]
[2026-03-09 18:20:39]   step-guard: accepted after 1 retry/reduction(s) | lr=3.64e-6 | trial_loss=9.782e-5
[2026-03-09 18:22:50] Stage2 epoch 109 train=9.782e-5
[2026-03-09 18:22:50]   grad_norm=0.000126 lr=3.64e-6
[2026-03-09 18:22:50]   lr_groups(eqv): p_net=7.28e-7 mech_raw=3.64e-6 | base=3.64e-6
[2026-03-09 18:22:50]   grad_groups(raw): p_net=0.000631 mech_raw=0.0
[2026-03-09 18:22:50]   grad_norm_raw=0.000631 grad_norm_scaled=0.000126 | scale[p_net=0.2, mech_raw=1.0]
[2026-03-09 18:22:50]   parts: state=8.75e-5 x2dot=1.03e-5 x3r=None cont=None l2=None
[2026-03-09 18:22:50]   rec: x1=1.9% x3=46.11%
[2026-03-09 18:22:50]   nn: F_hertz err=94.57%
[2026-03-09 18:22:50]   nn raw: min=-1.41e-7 max=6.64e-6 span=6.78e-6 mean=2.0e-6 neg=14.52%
[2026-03-09 18:22:50]   mech: ks=0.171 (err=71.05%) cs=3.19e-7 (err=32.8%)
[2026-03-09 18:22:54]   adam-vs-raw: dL_adam=8.88e-7 dL_raw=6.84e-7 | step_norm_adam=4.51e-6 step_norm_raw=4.51e-6
[2026-03-09 18:22:54]   adam-vs-raw terms: adam[t1=-2.84e-9, t2=8.91e-7] raw[t1=-2.84e-9, t2=6.87e-7]
[2026-03-09 18:23:02]   mech-grad AD(raw): [1]=0.0000000000000000e+00 [2]=0.0000000000000000e+00
[2026-03-09 18:23:02]   mech-grad FD(raw): [1]=4.5380102317893585e-02 [2]=3.2525256967560021e-02 | h=[3.3701176432007475e-06, 2.8576452269145736e-06]
[2026-03-09 18:23:02]   mech-bound slope dp/draw: ks=1.6052662378004673e-01 cs=2.5413467945429330e-07
[2026-03-09 18:23:02]   mech-grad AD-FD diff(raw): [1]=-4.5380102317893585e-02 [2]=-3.2525256967560021e-02
[2026-03-09 18:23:07]   adam-group-probe: dL_full=8.88e-7 dL_net=8.32e-7 dL_mech=1.2e-7 cross=-6.35e-8
[2026-03-09 18:23:07]   adam-group-step-norms: full=4.51e-6 net=4.51e-6 mech=5.02e-15
[2026-03-09 18:23:09]   step-guard retry 1/6 -- reason=step_trial_loss_jump | lr=6.08e-6 | scale[p_net=0.2, mech_raw=1.0]
[2026-03-09 18:23:11]   step-guard: accepted after 1 retry/reduction(s) | lr=6.08e-6 | trial_loss=9.855e-5
[2026-03-09 18:25:19] Stage2 epoch 110 train=9.855e-5
[2026-03-09 18:25:19]   grad_norm=0.000127 lr=6.08e-6
[2026-03-09 18:25:19]   lr_groups(eqv): p_net=1.22e-6 mech_raw=6.08e-6 | base=6.08e-6
[2026-03-09 18:25:19]   grad_groups(raw): p_net=0.000633 mech_raw=0.0
[2026-03-09 18:25:19]   grad_norm_raw=0.000633 grad_norm_scaled=0.000127 | scale[p_net=0.2, mech_raw=1.0]
[2026-03-09 18:25:19]   parts: state=8.81e-5 x2dot=1.04e-5 x3r=None cont=None l2=None
[2026-03-09 18:25:19]   rec: x1=1.91% x3=46.14%
[2026-03-09 18:25:19]   nn: F_hertz err=94.51%
[2026-03-09 18:25:19]   nn raw: min=-1.34e-7 max=6.7e-6 span=6.83e-6 mean=2.01e-6 neg=14.12%
[2026-03-09 18:25:19]   mech: ks=0.171 (err=71.05%) cs=3.19e-7 (err=32.8%)
[2026-03-09 18:25:24]   adam-vs-raw: dL_adam=1.08e-6 dL_raw=1.1e-6 | step_norm_adam=7.55e-6 step_norm_raw=7.55e-6
[2026-03-09 18:25:24]   adam-vs-raw terms: adam[t1=-4.78e-9, t2=1.08e-6] raw[t1=-4.78e-9, t2=1.1e-6]
[2026-03-09 18:25:32]   mech-grad AD(raw): [1]=0.0000000000000000e+00 [2]=0.0000000000000000e+00
[2026-03-09 18:25:32]   mech-grad FD(raw): [1]=5.4257695360361388e-02 [2]=2.3683485493522769e-03 | h=[3.3701176432007539e-06, 2.8576452269145795e-06]
[2026-03-09 18:25:32]   mech-bound slope dp/draw: ks=1.6052662378004579e-01 cs=2.5413467945429187e-07
[2026-03-09 18:25:32]   mech-grad AD-FD diff(raw): [1]=-5.4257695360361388e-02 [2]=-2.3683485493522769e-03
[2026-03-09 18:25:36]   adam-group-probe: dL_full=1.08e-6 dL_net=1.12e-6 dL_mech=2.05e-7 cross=-2.47e-7
[2026-03-09 18:25:36]   adam-group-step-norms: full=7.55e-6 net=7.55e-6 mech=8.16e-15
[2026-03-09 18:25:38]   step-guard retry 1/6 -- reason=step_trial_loss_jump | lr=1.02e-5 | scale[p_net=0.2, mech_raw=1.0]
[2026-03-09 18:25:40]   step-guard retry 2/6 -- reason=step_trial_loss_jump | lr=1.02e-6 | scale[p_net=0.2, mech_raw=1.0]
[2026-03-09 18:25:42]   step-guard: accepted after 2 retry/reduction(s) | lr=1.02e-6 | trial_loss=9.909e-5
[2026-03-09 18:27:52] Stage2 epoch 111 train=9.909e-5
[2026-03-09 18:27:52]   grad_norm=0.000127 lr=1.02e-6
[2026-03-09 18:27:52]   lr_groups(eqv): p_net=2.03e-7 mech_raw=1.02e-6 | base=1.02e-6
[2026-03-09 18:27:52]   grad_groups(raw): p_net=0.000635 mech_raw=0.0
[2026-03-09 18:27:52]   grad_norm_raw=0.000635 grad_norm_scaled=0.000127 | scale[p_net=0.2, mech_raw=1.0]
[2026-03-09 18:27:52]   parts: state=8.86e-5 x2dot=1.05e-5 x3r=None cont=None l2=None
[2026-03-09 18:27:52]   rec: x1=1.91% x3=46.15%
[2026-03-09 18:27:52]   nn: F_hertz err=94.51%
[2026-03-09 18:27:52]   nn raw: min=-1.32e-7 max=6.71e-6 span=6.84e-6 mean=2.01e-6 neg=14.08%
[2026-03-09 18:27:52]   mech: ks=0.171 (err=71.05%) cs=3.19e-7 (err=32.8%)
[2026-03-09 18:27:56]   adam-vs-raw: dL_adam=-8.71e-9 dL_raw=7.13e-8 | step_norm_adam=1.27e-6 step_norm_raw=1.27e-6
[2026-03-09 18:27:56]   adam-vs-raw terms: adam[t1=-8.04e-10, t2=-7.9e-9] raw[t1=-8.04e-10, t2=7.21e-8]
[2026-03-09 18:28:04]   mech-grad AD(raw): [1]=0.0000000000000000e+00 [2]=0.0000000000000000e+00
[2026-03-09 18:28:04]   mech-grad FD(raw): [1]=3.4568326610354964e-02 [2]=8.2920866471515534e-03 | h=[3.3701176432007547e-06, 2.8576452269145803e-06]
[2026-03-09 18:28:04]   mech-bound slope dp/draw: ks=1.6052662378004567e-01 cs=2.5413467945429166e-07
[2026-03-09 18:28:04]   mech-grad AD-FD diff(raw): [1]=-3.4568326610354964e-02 [2]=-8.2920866471515534e-03
[2026-03-09 18:28:08]   adam-group-probe: dL_full=-8.71e-9 dL_net=-1.17e-7 dL_mech=-1.95e-7 cross=3.04e-7
[2026-03-09 18:28:08]   adam-group-step-norms: full=1.27e-6 net=1.27e-6 mech=1.26e-15
[2026-03-09 18:28:10]   step-guard retry 1/6 -- reason=step_trial_loss_jump | lr=1.7e-6 | scale[p_net=0.2, mech_raw=1.0]
[2026-03-09 18:28:12]   step-guard: accepted after 1 retry/reduction(s) | lr=1.7e-6 | trial_loss=9.929e-5
[2026-03-09 18:30:30] Stage2 epoch 112 train=9.929e-5
[2026-03-09 18:30:30]   grad_norm=0.000127 lr=1.7e-6
[2026-03-09 18:30:30]   lr_groups(eqv): p_net=3.4e-7 mech_raw=1.7e-6 | base=1.7e-6
[2026-03-09 18:30:30]   grad_groups(raw): p_net=0.000636 mech_raw=0.0
[2026-03-09 18:30:30]   grad_norm_raw=0.000636 grad_norm_scaled=0.000127 | scale[p_net=0.2, mech_raw=1.0]
[2026-03-09 18:30:30]   parts: state=8.88e-5 x2dot=1.05e-5 x3r=None cont=None l2=None
[2026-03-09 18:30:30]   rec: x1=1.91% x3=46.16%
[2026-03-09 18:30:30]   nn: F_hertz err=94.49%
[2026-03-09 18:30:30]   nn raw: min=-1.3e-7 max=6.73e-6 span=6.86e-6 mean=2.01e-6 neg=13.99%
[2026-03-09 18:30:30]   mech: ks=0.171 (err=71.05%) cs=3.19e-7 (err=32.8%)
[2026-03-09 18:30:34]   adam-vs-raw: dL_adam=-1.23e-7 dL_raw=1.51e-7 | step_norm_adam=2.12e-6 step_norm_raw=2.12e-6
[2026-03-09 18:30:34]   adam-vs-raw terms: adam[t1=-1.35e-9, t2=-1.22e-7] raw[t1=-1.35e-9, t2=1.53e-7]
[2026-03-09 18:30:42]   mech-grad AD(raw): [1]=0.0000000000000000e+00 [2]=0.0000000000000000e+00
[2026-03-09 18:30:42]   mech-grad FD(raw): [1]=1.0550194749573735e-02 [2]=-1.7864960803063712e-02 | h=[3.3701176432007560e-06, 2.8576452269145820e-06]
[2026-03-09 18:30:42]   mech-bound slope dp/draw: ks=1.6052662378004548e-01 cs=2.5413467945429134e-07
[2026-03-09 18:30:42]   mech-grad AD-FD diff(raw): [1]=-1.0550194749573735e-02 [2]=1.7864960803063712e-02
[2026-03-09 18:30:46]   adam-group-probe: dL_full=-1.23e-7 dL_net=1.14e-8 dL_mech=-2.88e-9 cross=-1.31e-7
[2026-03-09 18:30:46]   adam-group-step-norms: full=2.12e-6 net=2.12e-6 mech=1.88e-15
[2026-03-09 18:30:48]   step-guard retry 1/6 -- reason=step_trial_loss_jump | lr=2.85e-6 | scale[p_net=0.2, mech_raw=1.0]
[2026-03-09 18:30:50]   step-guard: accepted after 1 retry/reduction(s) | lr=2.85e-6 | trial_loss=9.967e-5
[2026-03-09 18:32:57] Stage2 epoch 113 train=9.967e-5
[2026-03-09 18:32:57]   grad_norm=0.000127 lr=2.85e-6
[2026-03-09 18:32:57]   lr_groups(eqv): p_net=5.69e-7 mech_raw=2.85e-6 | base=2.85e-6
[2026-03-09 18:32:57]   grad_groups(raw): p_net=0.000637 mech_raw=0.0
[2026-03-09 18:32:57]   grad_norm_raw=0.000637 grad_norm_scaled=0.000127 | scale[p_net=0.2, mech_raw=1.0]
[2026-03-09 18:32:57]   parts: state=8.91e-5 x2dot=1.06e-5 x3r=None cont=None l2=None
[2026-03-09 18:32:57]   rec: x1=1.92% x3=46.17%
[2026-03-09 18:32:57]   nn: F_hertz err=94.46%
[2026-03-09 18:32:57]   nn raw: min=-1.27e-7 max=6.75e-6 span=6.88e-6 mean=2.01e-6 neg=13.77%
[2026-03-09 18:32:57]   mech: ks=0.171 (err=71.05%) cs=3.19e-7 (err=32.8%)
[2026-03-09 18:33:01]   adam-vs-raw: dL_adam=2.04e-7 dL_raw=3.89e-7 | step_norm_adam=3.56e-6 step_norm_raw=3.56e-6
[2026-03-09 18:33:01]   adam-vs-raw terms: adam[t1=-2.27e-9, t2=2.06e-7] raw[t1=-2.27e-9, t2=3.92e-7]
[2026-03-09 18:33:09]   mech-grad AD(raw): [1]=0.0000000000000000e+00 [2]=0.0000000000000000e+00
[2026-03-09 18:33:09]   mech-grad FD(raw): [1]=1.5195189933526716e-02 [2]=-2.3437426434159834e-02 | h=[3.3701176432007581e-06, 2.8576452269145842e-06]
[2026-03-09 18:33:09]   mech-bound slope dp/draw: ks=1.6052662378004515e-01 cs=2.5413467945429092e-07
[2026-03-09 18:33:09]   mech-grad AD-FD diff(raw): [1]=-1.5195189933526716e-02 [2]=2.3437426434159834e-02
[2026-03-09 18:33:13]   adam-group-probe: dL_full=2.04e-7 dL_net=1.5e-7 dL_mech=-1.12e-8 cross=6.54e-8
[2026-03-09 18:33:13]   adam-group-step-norms: full=3.56e-6 net=3.56e-6 mech=2.51e-15
[2026-03-09 18:33:15]   step-guard retry 1/6 -- reason=step_trial_loss_jump | lr=4.76e-6 | scale[p_net=0.2, mech_raw=1.0]
[2026-03-09 18:33:17]   step-guard: accepted after 1 retry/reduction(s) | lr=4.76e-6 | trial_loss=0.0001001
[2026-03-09 18:35:27] Stage2 epoch 114 train=0.0001001
[2026-03-09 18:35:27]   grad_norm=0.000128 lr=4.76e-6
[2026-03-09 18:35:27]   lr_groups(eqv): p_net=9.53e-7 mech_raw=4.76e-6 | base=4.76e-6
[2026-03-09 18:35:27]   grad_groups(raw): p_net=0.000638 mech_raw=0.0
[2026-03-09 18:35:27]   grad_norm_raw=0.000638 grad_norm_scaled=0.000128 | scale[p_net=0.2, mech_raw=1.0]
[2026-03-09 18:35:27]   parts: state=8.95e-5 x2dot=1.06e-5 x3r=None cont=None l2=None
[2026-03-09 18:35:27]   rec: x1=1.92% x3=46.2%
[2026-03-09 18:35:27]   nn: F_hertz err=94.42%
[2026-03-09 18:35:27]   nn raw: min=-1.22e-7 max=6.8e-6 span=6.92e-6 mean=2.02e-6 neg=13.51%
[2026-03-09 18:35:27]   mech: ks=0.171 (err=71.05%) cs=3.19e-7 (err=32.8%)
[2026-03-09 18:35:31]   adam-vs-raw: dL_adam=6.59e-7 dL_raw=6.08e-7 | step_norm_adam=5.97e-6 step_norm_raw=5.97e-6
[2026-03-09 18:35:31]   adam-vs-raw terms: adam[t1=-3.8e-9, t2=6.63e-7] raw[t1=-3.8e-9, t2=6.12e-7]
[2026-03-09 18:35:40]   mech-grad AD(raw): [1]=0.0000000000000000e+00 [2]=0.0000000000000000e+00
[2026-03-09 18:35:40]   mech-grad FD(raw): [1]=1.1836609075748716e-02 [2]=-2.8174696591269553e-02 | h=[3.3701176432007615e-06, 2.8576452269145871e-06]
[2026-03-09 18:35:40]   mech-bound slope dp/draw: ks=1.6052662378004465e-01 cs=2.5413467945429013e-07
[2026-03-09 18:35:40]   mech-grad AD-FD diff(raw): [1]=-1.1836609075748716e-02 [2]=2.8174696591269553e-02
[2026-03-09 18:35:44]   adam-group-probe: dL_full=6.59e-7 dL_net=7.33e-7 dL_mech=-4.44e-8 cross=-2.98e-8
[2026-03-09 18:35:44]   adam-group-step-norms: full=5.97e-6 net=5.97e-6 mech=4.4e-15
[2026-03-09 18:35:46]   step-guard retry 1/6 -- reason=step_trial_loss_jump | lr=7.97e-6 | scale[p_net=0.2, mech_raw=1.0]
[2026-03-09 18:35:48]   step-guard retry 2/6 -- reason=step_trial_loss_jump | lr=7.97e-7 | scale[p_net=0.2, mech_raw=1.0]
[2026-03-09 18:35:50]   step-guard: accepted after 2 retry/reduction(s) | lr=7.97e-7 | trial_loss=0.0001002
[2026-03-09 18:38:05] Stage2 epoch 115 train=0.0001002
[2026-03-09 18:38:05]   grad_norm=0.000128 lr=7.97e-7
[2026-03-09 18:38:05]   lr_groups(eqv): p_net=1.59e-7 mech_raw=7.97e-7 | base=7.97e-7
[2026-03-09 18:38:05]   grad_groups(raw): p_net=0.000638 mech_raw=0.0
[2026-03-09 18:38:05]   grad_norm_raw=0.000638 grad_norm_scaled=0.000128 | scale[p_net=0.2, mech_raw=1.0]
[2026-03-09 18:38:05]   parts: state=8.96e-5 x2dot=1.06e-5 x3r=None cont=None l2=None
[2026-03-09 18:38:05]   rec: x1=1.92% x3=46.21%
[2026-03-09 18:38:05]   nn: F_hertz err=94.41%
[2026-03-09 18:38:05]   nn raw: min=-1.21e-7 max=6.81e-6 span=6.93e-6 mean=2.02e-6 neg=13.42%
[2026-03-09 18:38:05]   mech: ks=0.171 (err=71.05%) cs=3.19e-7 (err=32.8%)
[2026-03-09 18:38:09]   adam-vs-raw: dL_adam=2.25e-7 dL_raw=3.59e-7 | step_norm_adam=1.0e-6 step_norm_raw=1.0e-6
[2026-03-09 18:38:09]   adam-vs-raw terms: adam[t1=-6.38e-10, t2=2.25e-7] raw[t1=-6.38e-10, t2=3.6e-7]
[2026-03-09 18:38:17]   mech-grad AD(raw): [1]=0.0000000000000000e+00 [2]=0.0000000000000000e+00
[2026-03-09 18:38:17]   mech-grad FD(raw): [1]=-1.7996686876573163e-02 [2]=-6.3241955437138203e-02 | h=[3.3701176432007619e-06, 2.8576452269145875e-06]
[2026-03-09 18:38:17]   mech-bound slope dp/draw: ks=1.6052662378004462e-01 cs=2.5413467945429002e-07
[2026-03-09 18:38:17]   mech-grad AD-FD diff(raw): [1]=1.7996686876573163e-02 [2]=6.3241955437138203e-02
[2026-03-09 18:38:21]   adam-group-probe: dL_full=2.25e-7 dL_net=1.63e-7 dL_mech=1.47e-7 cross=-8.57e-8
[2026-03-09 18:38:21]   adam-group-step-norms: full=1.0e-6 net=1.0e-6 mech=6.28e-16
[2026-03-09 18:38:23]   step-guard retry 1/6 -- reason=step_trial_loss_jump | lr=1.33e-6 | scale[p_net=0.2, mech_raw=1.0]
[2026-03-09 18:38:25]   step-guard: accepted after 1 retry/reduction(s) | lr=1.33e-6 | trial_loss=0.0001006
[2026-03-09 18:40:36] Stage2 epoch 116 train=0.0001006
[2026-03-09 18:40:36]   grad_norm=0.000128 lr=1.33e-6
[2026-03-09 18:40:36]   lr_groups(eqv): p_net=2.67e-7 mech_raw=1.33e-6 | base=1.33e-6
[2026-03-09 18:40:36]   grad_groups(raw): p_net=0.000639 mech_raw=0.0
[2026-03-09 18:40:36]   grad_norm_raw=0.000639 grad_norm_scaled=0.000128 | scale[p_net=0.2, mech_raw=1.0]
[2026-03-09 18:40:36]   parts: state=8.99e-5 x2dot=1.07e-5 x3r=None cont=None l2=None
[2026-03-09 18:40:36]   rec: x1=1.93% x3=46.21%
[2026-03-09 18:40:36]   nn: F_hertz err=94.4%
[2026-03-09 18:40:36]   nn raw: min=-1.19e-7 max=6.82e-6 span=6.94e-6 mean=2.03e-6 neg=13.35%
[2026-03-09 18:40:36]   mech: ks=0.171 (err=71.05%) cs=3.19e-7 (err=32.8%)
[2026-03-09 18:40:40]   adam-vs-raw: dL_adam=5.17e-9 dL_raw=7.12e-8 | step_norm_adam=1.68e-6 step_norm_raw=1.68e-6
[2026-03-09 18:40:40]   adam-vs-raw terms: adam[t1=-1.07e-9, t2=6.24e-9] raw[t1=-1.07e-9, t2=7.23e-8]
[2026-03-09 18:40:48]   mech-grad AD(raw): [1]=0.0000000000000000e+00 [2]=0.0000000000000000e+00
[2026-03-09 18:40:48]   mech-grad FD(raw): [1]=-1.3484227332845135e-02 [2]=-4.1556811965894644e-04 | h=[3.3701176432007628e-06, 2.8576452269145884e-06]
[2026-03-09 18:40:48]   mech-bound slope dp/draw: ks=1.6052662378004448e-01 cs=2.5413467945428986e-07
[2026-03-09 18:40:48]   mech-grad AD-FD diff(raw): [1]=1.3484227332845135e-02 [2]=4.1556811965894644e-04
[2026-03-09 18:40:52]   adam-group-probe: dL_full=5.17e-9 dL_net=5.44e-8 dL_mech=1.44e-8 cross=-6.36e-8
[2026-03-09 18:40:52]   adam-group-step-norms: full=1.68e-6 net=1.68e-6 mech=6.28e-16
[2026-03-09 18:40:54]   step-guard retry 1/6 -- reason=step_trial_loss_jump | lr=2.23e-6 | scale[p_net=0.2, mech_raw=1.0]
[2026-03-09 18:40:56]   step-guard: accepted after 1 retry/reduction(s) | lr=2.23e-6 | trial_loss=0.0001009
[2026-03-09 18:43:07] Stage2 epoch 117 train=0.0001009
[2026-03-09 18:43:07]   grad_norm=0.000128 lr=2.23e-6
[2026-03-09 18:43:07]   lr_groups(eqv): p_net=4.46e-7 mech_raw=2.23e-6 | base=2.23e-6
[2026-03-09 18:43:07]   grad_groups(raw): p_net=0.00064 mech_raw=0.0
[2026-03-09 18:43:07]   grad_norm_raw=0.00064 grad_norm_scaled=0.000128 | scale[p_net=0.2, mech_raw=1.0]
[2026-03-09 18:43:07]   parts: state=9.02e-5 x2dot=1.07e-5 x3r=None cont=None l2=None
[2026-03-09 18:43:07]   rec: x1=1.93% x3=46.22%
[2026-03-09 18:43:07]   nn: F_hertz err=94.38%
[2026-03-09 18:43:07]   nn raw: min=-1.17e-7 max=6.84e-6 span=6.96e-6 mean=2.03e-6 neg=13.26%
[2026-03-09 18:43:07]   mech: ks=0.171 (err=71.05%) cs=3.19e-7 (err=32.8%)
[2026-03-09 18:43:11]   adam-vs-raw: dL_adam=1.69e-7 dL_raw=1.88e-7 | step_norm_adam=2.81e-6 step_norm_raw=2.81e-6
[2026-03-09 18:43:11]   adam-vs-raw terms: adam[t1=-1.8e-9, t2=1.7e-7] raw[t1=-1.8e-9, t2=1.9e-7]
[2026-03-09 18:43:19]   mech-grad AD(raw): [1]=0.0000000000000000e+00 [2]=0.0000000000000000e+00
[2026-03-09 18:43:19]   mech-grad FD(raw): [1]=4.3102917520263621e-02 [2]=3.8363913930203657e-02 | h=[3.3701176432007636e-06, 2.8576452269145892e-06]
[2026-03-09 18:43:19]   mech-bound slope dp/draw: ks=1.6052662378004434e-01 cs=2.5413467945428960e-07
[2026-03-09 18:43:19]   mech-grad AD-FD diff(raw): [1]=-4.3102917520263621e-02 [2]=-3.8363913930203657e-02
[2026-03-09 18:43:23]   adam-group-probe: dL_full=1.69e-7 dL_net=3.84e-7 dL_mech=-8.56e-8 cross=-1.3e-7
[2026-03-09 18:43:23]   adam-group-step-norms: full=2.81e-6 net=2.81e-6 mech=1.26e-15
[2026-03-09 18:43:25]   step-guard retry 1/6 -- reason=step_trial_loss_jump | lr=3.73e-6 | scale[p_net=0.2, mech_raw=1.0]
[2026-03-09 18:43:27]   step-guard: accepted after 1 retry/reduction(s) | lr=3.73e-6 | trial_loss=0.0001012
[2026-03-09 18:45:35] Stage2 epoch 118 train=0.0001012
[2026-03-09 18:45:35]   grad_norm=0.000128 lr=3.73e-6
[2026-03-09 18:45:35]   lr_groups(eqv): p_net=7.47e-7 mech_raw=3.73e-6 | base=3.73e-6
[2026-03-09 18:45:35]   grad_groups(raw): p_net=0.00064 mech_raw=0.0
[2026-03-09 18:45:35]   grad_norm_raw=0.00064 grad_norm_scaled=0.000128 | scale[p_net=0.2, mech_raw=1.0]
[2026-03-09 18:45:35]   parts: state=9.05e-5 x2dot=1.08e-5 x3r=None cont=None l2=None
[2026-03-09 18:45:35]   rec: x1=1.93% x3=46.25%
[2026-03-09 18:45:35]   nn: F_hertz err=94.35%
[2026-03-09 18:45:35]   nn raw: min=-1.13e-7 max=6.88e-6 span=6.99e-6 mean=2.03e-6 neg=12.97%
[2026-03-09 18:45:35]   mech: ks=0.171 (err=71.05%) cs=3.19e-7 (err=32.8%)
[2026-03-09 18:45:39]   adam-vs-raw: dL_adam=8.02e-7 dL_raw=4.7e-7 | step_norm_adam=4.71e-6 step_norm_raw=4.71e-6
[2026-03-09 18:45:39]   adam-vs-raw terms: adam[t1=-3.02e-9, t2=8.05e-7] raw[t1=-3.02e-9, t2=4.73e-7]
[2026-03-09 18:45:47]   mech-grad AD(raw): [1]=0.0000000000000000e+00 [2]=0.0000000000000000e+00
[2026-03-09 18:45:47]   mech-grad FD(raw): [1]=7.6197881830819192e-03 [2]=2.0197393209737114e-02 | h=[3.3701176432007653e-06, 2.8576452269145914e-06]
[2026-03-09 18:45:47]   mech-bound slope dp/draw: ks=1.6052662378004409e-01 cs=2.5413467945428923e-07
[2026-03-09 18:45:47]   mech-grad AD-FD diff(raw): [1]=-7.6197881830819192e-03 [2]=-2.0197393209737114e-02
[2026-03-09 18:45:51]   adam-group-probe: dL_full=8.02e-7 dL_net=5.42e-7 dL_mech=1.21e-7 cross=1.4e-7
[2026-03-09 18:45:51]   adam-group-step-norms: full=4.71e-6 net=4.71e-6 mech=1.88e-15
[2026-03-09 18:45:53]   step-guard retry 1/6 -- reason=step_trial_loss_jump | lr=6.25e-6 | scale[p_net=0.2, mech_raw=1.0]
[2026-03-09 18:45:55]   step-guard retry 2/6 -- reason=step_trial_loss_jump | lr=6.25e-7 | scale[p_net=0.2, mech_raw=1.0]
[2026-03-09 18:45:57]   step-guard: accepted after 2 retry/reduction(s) | lr=6.25e-7 | trial_loss=0.0001014
[2026-03-09 18:48:06] Stage2 epoch 119 train=0.0001014
[2026-03-09 18:48:06]   grad_norm=0.000128 lr=6.25e-7
[2026-03-09 18:48:06]   lr_groups(eqv): p_net=1.25e-7 mech_raw=6.25e-7 | base=6.25e-7
[2026-03-09 18:48:06]   grad_groups(raw): p_net=0.000641 mech_raw=0.0
[2026-03-09 18:48:06]   grad_norm_raw=0.000641 grad_norm_scaled=0.000128 | scale[p_net=0.2, mech_raw=1.0]
[2026-03-09 18:48:06]   parts: state=9.06e-5 x2dot=1.08e-5 x3r=None cont=None l2=None
[2026-03-09 18:48:06]   rec: x1=1.93% x3=46.25%
[2026-03-09 18:48:06]   nn: F_hertz err=94.35%
[2026-03-09 18:48:06]   nn raw: min=-1.12e-7 max=6.88e-6 span=6.99e-6 mean=2.04e-6 neg=12.92%
[2026-03-09 18:48:06]   mech: ks=0.171 (err=71.05%) cs=3.19e-7 (err=32.8%)
[2026-03-09 18:48:10]   adam-vs-raw: dL_adam=2.79e-8 dL_raw=-2.71e-10 | step_norm_adam=7.89e-7 step_norm_raw=7.89e-7
[2026-03-09 18:48:10]   adam-vs-raw terms: adam[t1=-5.06e-10, t2=2.84e-8] raw[t1=-5.06e-10, t2=2.35e-10]
[2026-03-09 18:48:18]   mech-grad AD(raw): [1]=0.0000000000000000e+00 [2]=0.0000000000000000e+00
[2026-03-09 18:48:18]   mech-grad FD(raw): [1]=-3.6513752459885127e-02 [2]=4.5877390358276425e-03 | h=[3.3701176432007657e-06, 2.8576452269145918e-06]
[2026-03-09 18:48:18]   mech-bound slope dp/draw: ks=1.6052662378004401e-01 cs=2.5413467945428912e-07
[2026-03-09 18:48:18]   mech-grad AD-FD diff(raw): [1]=3.6513752459885127e-02 [2]=-4.5877390358276425e-03
[2026-03-09 18:48:22]   adam-group-probe: dL_full=2.79e-8 dL_net=-1.28e-8 dL_mech=-2.23e-7 cross=2.64e-7
[2026-03-09 18:48:22]   adam-group-step-norms: full=7.89e-7 net=7.89e-7 mech=6.28e-16
[2026-03-09 18:48:24]   step-guard retry 1/6 -- reason=step_trial_loss_jump | lr=1.04e-6 | scale[p_net=0.2, mech_raw=1.0]
[2026-03-09 18:48:26]   step-guard: accepted after 1 retry/reduction(s) | lr=1.04e-6 | trial_loss=0.0001015
[2026-03-09 18:50:36] Stage2 epoch 120 train=0.0001015
[2026-03-09 18:50:36]   grad_norm=0.000128 lr=1.04e-6
[2026-03-09 18:50:36]   lr_groups(eqv): p_net=2.09e-7 mech_raw=1.04e-6 | base=1.04e-6
[2026-03-09 18:50:36]   grad_groups(raw): p_net=0.000641 mech_raw=0.0
[2026-03-09 18:50:36]   grad_norm_raw=0.000641 grad_norm_scaled=0.000128 | scale[p_net=0.2, mech_raw=1.0]
[2026-03-09 18:50:36]   parts: state=9.07e-5 x2dot=1.08e-5 x3r=None cont=None l2=None
[2026-03-09 18:50:36]   rec: x1=1.93% x3=46.26%
[2026-03-09 18:50:36]   nn: F_hertz err=94.34%
[2026-03-09 18:50:36]   nn raw: min=-1.11e-7 max=6.89e-6 span=7.0e-6 mean=2.04e-6 neg=12.85%
[2026-03-09 18:50:36]   mech: ks=0.171 (err=71.05%) cs=3.19e-7 (err=32.8%)
[2026-03-09 18:50:40]   adam-vs-raw: dL_adam=2.53e-7 dL_raw=1.2e-7 | step_norm_adam=1.32e-6 step_norm_raw=1.32e-6
[2026-03-09 18:50:40]   adam-vs-raw terms: adam[t1=-8.48e-10, t2=2.53e-7] raw[t1=-8.48e-10, t2=1.2e-7]
[2026-03-09 18:50:48]   mech-grad AD(raw): [1]=0.0000000000000000e+00 [2]=0.0000000000000000e+00
[2026-03-09 18:50:48]   mech-grad FD(raw): [1]=-4.3410126905153203e-02 [2]=-5.9293941776828132e-02 | h=[3.3701176432007662e-06, 2.8576452269145922e-06]
[2026-03-09 18:50:48]   mech-bound slope dp/draw: ks=1.6052662378004395e-01 cs=2.5413467945428907e-07
[2026-03-09 18:50:48]   mech-grad AD-FD diff(raw): [1]=4.3410126905153203e-02 [2]=5.9293941776828132e-02
[2026-03-09 18:50:52]   adam-group-probe: dL_full=2.53e-7 dL_net=1.92e-7 dL_mech=6.83e-8 cross=-8.0e-9
[2026-03-09 18:50:52]   adam-group-step-norms: full=1.32e-6 net=1.32e-6 mech=6.28e-16
[2026-03-09 18:50:54]   step-guard retry 1/6 -- reason=step_trial_loss_jump | lr=1.75e-6 | scale[p_net=0.2, mech_raw=1.0]
[2026-03-09 18:50:56]   step-guard: accepted after 1 retry/reduction(s) | lr=1.75e-6 | trial_loss=0.0001018
[2026-03-09 18:53:09] Stage2 epoch 121 train=0.0001018
[2026-03-09 18:53:09]   grad_norm=0.000128 lr=1.75e-6
[2026-03-09 18:53:09]   lr_groups(eqv): p_net=3.49e-7 mech_raw=1.75e-6 | base=1.75e-6
[2026-03-09 18:53:09]   grad_groups(raw): p_net=0.000642 mech_raw=0.0
[2026-03-09 18:53:09]   grad_norm_raw=0.000642 grad_norm_scaled=0.000128 | scale[p_net=0.2, mech_raw=1.0]
[2026-03-09 18:53:09]   parts: state=9.1e-5 x2dot=1.08e-5 x3r=None cont=None l2=None
[2026-03-09 18:53:09]   rec: x1=1.94% x3=46.26%
[2026-03-09 18:53:09]   nn: F_hertz err=94.32%
[2026-03-09 18:53:09]   nn raw: min=-1.09e-7 max=6.91e-6 span=7.02e-6 mean=2.04e-6 neg=12.77%
[2026-03-09 18:53:09]   mech: ks=0.171 (err=71.05%) cs=3.19e-7 (err=32.8%)
[2026-03-09 18:53:13]   adam-vs-raw: dL_adam=3.74e-7 dL_raw=3.49e-7 | step_norm_adam=2.21e-6 step_norm_raw=2.21e-6
[2026-03-09 18:53:13]   adam-vs-raw terms: adam[t1=-1.42e-9, t2=3.75e-7] raw[t1=-1.42e-9, t2=3.5e-7]
[2026-03-09 18:53:21]   mech-grad AD(raw): [1]=0.0000000000000000e+00 [2]=0.0000000000000000e+00
[2026-03-09 18:53:21]   mech-grad FD(raw): [1]=1.5171797893961825e-02 [2]=1.4274022786438927e-02 | h=[3.3701176432007666e-06, 2.8576452269145926e-06]
[2026-03-09 18:53:21]   mech-bound slope dp/draw: ks=1.6052662378004387e-01 cs=2.5413467945428896e-07
[2026-03-09 18:53:21]   mech-grad AD-FD diff(raw): [1]=-1.5171797893961825e-02 [2]=-1.4274022786438927e-02
[2026-03-09 18:53:25]   adam-group-probe: dL_full=3.74e-7 dL_net=2.54e-7 dL_mech=-6.61e-9 cross=1.27e-7
[2026-03-09 18:53:25]   adam-group-step-norms: full=2.21e-6 net=2.21e-6 mech=6.28e-16
[2026-03-09 18:53:27]   step-guard retry 1/6 -- reason=step_trial_loss_jump | lr=2.92e-6 | scale[p_net=0.2, mech_raw=1.0]
[2026-03-09 18:53:29]   step-guard: accepted after 1 retry/reduction(s) | lr=2.92e-6 | trial_loss=0.0001023
[2026-03-09 18:55:38] Stage2 epoch 122 train=0.0001023
[2026-03-09 18:55:38]   grad_norm=0.000129 lr=2.92e-6
[2026-03-09 18:55:38]   lr_groups(eqv): p_net=5.84e-7 mech_raw=2.92e-6 | base=2.92e-6
[2026-03-09 18:55:38]   grad_groups(raw): p_net=0.000644 mech_raw=0.0
[2026-03-09 18:55:38]   grad_norm_raw=0.000644 grad_norm_scaled=0.000129 | scale[p_net=0.2, mech_raw=1.0]
[2026-03-09 18:55:38]   parts: state=9.14e-5 x2dot=1.09e-5 x3r=None cont=None l2=None
[2026-03-09 18:55:38]   rec: x1=1.94% x3=46.28%
[2026-03-09 18:55:38]   nn: F_hertz err=94.3%
[2026-03-09 18:55:38]   nn raw: min=-1.06e-7 max=6.94e-6 span=7.04e-6 mean=2.05e-6 neg=12.59%
[2026-03-09 18:55:38]   mech: ks=0.171 (err=71.05%) cs=3.19e-7 (err=32.8%)
[2026-03-09 18:55:42]   adam-vs-raw: dL_adam=2.11e-7 dL_raw=4.71e-7 | step_norm_adam=3.71e-6 step_norm_raw=3.71e-6
[2026-03-09 18:55:42]   adam-vs-raw terms: adam[t1=-2.39e-9, t2=2.13e-7] raw[t1=-2.39e-9, t2=4.74e-7]
[2026-03-09 18:55:50]   mech-grad AD(raw): [1]=0.0000000000000000e+00 [2]=0.0000000000000000e+00
[2026-03-09 18:55:50]   mech-grad FD(raw): [1]=1.1070501466958848e-02 [2]=-2.6725724467586625e-02 | h=[3.3701176432007674e-06, 2.8576452269145935e-06]
[2026-03-09 18:55:50]   mech-bound slope dp/draw: ks=1.6052662378004373e-01 cs=2.5413467945428875e-07
[2026-03-09 18:55:50]   mech-grad AD-FD diff(raw): [1]=-1.1070501466958848e-02 [2]=2.6725724467586625e-02
[2026-03-09 18:55:54]   adam-group-probe: dL_full=2.11e-7 dL_net=5.77e-7 dL_mech=-2.78e-7 cross=-8.85e-8
[2026-03-09 18:55:54]   adam-group-step-norms: full=3.71e-6 net=3.71e-6 mech=1.26e-15
[2026-03-09 18:55:56]   step-guard retry 1/6 -- reason=step_trial_loss_jump | lr=4.89e-6 | scale[p_net=0.2, mech_raw=1.0]
[2026-03-09 18:55:58]   step-guard: accepted after 1 retry/reduction(s) | lr=4.89e-6 | trial_loss=0.0001031
[2026-03-09 18:58:06] Stage2 epoch 123 train=0.0001031
[2026-03-09 18:58:06]   grad_norm=0.000129 lr=4.89e-6
[2026-03-09 18:58:06]   lr_groups(eqv): p_net=9.77e-7 mech_raw=4.89e-6 | base=4.89e-6
[2026-03-09 18:58:06]   grad_groups(raw): p_net=0.000646 mech_raw=0.0
[2026-03-09 18:58:06]   grad_norm_raw=0.000646 grad_norm_scaled=0.000129 | scale[p_net=0.2, mech_raw=1.0]
[2026-03-09 18:58:06]   parts: state=9.21e-5 x2dot=1.1e-5 x3r=None cont=None l2=None
[2026-03-09 18:58:06]   rec: x1=1.95% x3=46.31%
[2026-03-09 18:58:06]   nn: F_hertz err=94.26%
[2026-03-09 18:58:06]   nn raw: min=-1.01e-7 max=6.99e-6 span=7.09e-6 mean=2.05e-6 neg=12.23%
[2026-03-09 18:58:06]   mech: ks=0.171 (err=71.05%) cs=3.19e-7 (err=32.8%)
[2026-03-09 18:58:10]   adam-vs-raw: dL_adam=6.91e-7 dL_raw=5.65e-7 | step_norm_adam=6.21e-6 step_norm_raw=6.21e-6
[2026-03-09 18:58:10]   adam-vs-raw terms: adam[t1=-4.02e-9, t2=6.95e-7] raw[t1=-4.02e-9, t2=5.69e-7]
[2026-03-09 18:58:19]   mech-grad AD(raw): [1]=0.0000000000000000e+00 [2]=0.0000000000000000e+00
[2026-03-09 18:58:19]   mech-grad FD(raw): [1]=-1.3217116235424035e-02 [2]=-3.1139412310003362e-02 | h=[3.3701176432007691e-06, 2.8576452269145947e-06]
[2026-03-09 18:58:19]   mech-bound slope dp/draw: ks=1.6052662378004356e-01 cs=2.5413467945428843e-07
[2026-03-09 18:58:19]   mech-grad AD-FD diff(raw): [1]=1.3217116235424035e-02 [2]=3.1139412310003362e-02
[2026-03-09 18:58:23]   adam-group-probe: dL_full=6.91e-7 dL_net=5.4e-7 dL_mech=-3.1e-8 cross=1.82e-7
[2026-03-09 18:58:23]   adam-group-step-norms: full=6.21e-6 net=6.21e-6 mech=1.88e-15
[2026-03-09 18:58:25]   step-guard retry 1/6 -- reason=step_trial_loss_jump | lr=8.16e-6 | scale[p_net=0.2, mech_raw=1.0]
[2026-03-09 18:58:27]   step-guard: accepted after 1 retry/reduction(s) | lr=8.16e-6 | trial_loss=0.0001041
[2026-03-09 19:00:33] Stage2 epoch 124 train=0.0001041
[2026-03-09 19:00:33]   grad_norm=0.00013 lr=8.16e-6
[2026-03-09 19:00:33]   lr_groups(eqv): p_net=1.63e-6 mech_raw=8.16e-6 | base=8.16e-6
[2026-03-09 19:00:33]   grad_groups(raw): p_net=0.000649 mech_raw=0.0
[2026-03-09 19:00:33]   grad_norm_raw=0.000649 grad_norm_scaled=0.00013 | scale[p_net=0.2, mech_raw=1.0]
[2026-03-09 19:00:33]   parts: state=9.3e-5 x2dot=1.11e-5 x3r=None cont=None l2=None
[2026-03-09 19:00:33]   rec: x1=1.96% x3=46.36%
[2026-03-09 19:00:33]   nn: F_hertz err=94.19%
[2026-03-09 19:00:33]   nn raw: min=-9.27e-8 max=7.07e-6 span=7.16e-6 mean=2.07e-6 neg=11.71%
[2026-03-09 19:00:33]   mech: ks=0.171 (err=71.05%) cs=3.19e-7 (err=32.8%)
[2026-03-09 19:00:37]   adam-vs-raw: dL_adam=1.24e-6 dL_raw=1.41e-6 | step_norm_adam=1.04e-5 step_norm_raw=1.04e-5
[2026-03-09 19:00:37]   adam-vs-raw terms: adam[t1=-6.75e-9, t2=1.25e-6] raw[t1=-6.75e-9, t2=1.41e-6]
[2026-03-09 19:00:45]   mech-grad AD(raw): [1]=0.0000000000000000e+00 [2]=0.0000000000000000e+00
[2026-03-09 19:00:45]   mech-grad FD(raw): [1]=2.8849542750370001e-02 [2]=-1.7127994372183958e-02 | h=[3.3701176432007708e-06, 2.8576452269145964e-06]
[2026-03-09 19:00:45]   mech-bound slope dp/draw: ks=1.6052662378004329e-01 cs=2.5413467945428806e-07
[2026-03-09 19:00:45]   mech-grad AD-FD diff(raw): [1]=-2.8849542750370001e-02 [2]=1.7127994372183958e-02
[2026-03-09 19:00:49]   adam-group-probe: dL_full=1.24e-6 dL_net=1.22e-6 dL_mech=-7.13e-8 cross=9.34e-8
[2026-03-09 19:00:49]   adam-group-step-norms: full=1.04e-5 net=1.04e-5 mech=2.51e-15
[2026-03-09 19:00:51]   step-guard retry 1/6 -- reason=step_trial_loss_jump | lr=1.36e-5 | scale[p_net=0.2, mech_raw=1.0]
[2026-03-09 19:00:54]   step-guard retry 2/6 -- reason=step_trial_loss_jump | lr=1.36e-6 | scale[p_net=0.2, mech_raw=1.0]
[2026-03-09 19:00:56]   step-guard: accepted after 2 retry/reduction(s) | lr=1.36e-6 | trial_loss=0.0001044
[2026-03-09 19:03:01] Stage2 epoch 125 train=0.0001044
[2026-03-09 19:03:01]   grad_norm=0.00013 lr=1.36e-6
[2026-03-09 19:03:01]   lr_groups(eqv): p_net=2.73e-7 mech_raw=1.36e-6 | base=1.36e-6
[2026-03-09 19:03:01]   grad_groups(raw): p_net=0.00065 mech_raw=0.0
[2026-03-09 19:03:01]   grad_norm_raw=0.00065 grad_norm_scaled=0.00013 | scale[p_net=0.2, mech_raw=1.0]
[2026-03-09 19:03:01]   parts: state=9.32e-5 x2dot=1.11e-5 x3r=None cont=None l2=None
[2026-03-09 19:03:01]   rec: x1=1.96% x3=46.36%
[2026-03-09 19:03:01]   nn: F_hertz err=94.18%
[2026-03-09 19:03:01]   nn raw: min=-9.14e-8 max=7.08e-6 span=7.17e-6 mean=2.07e-6 neg=11.63%
[2026-03-09 19:03:01]   mech: ks=0.171 (err=71.05%) cs=3.19e-7 (err=32.8%)
[2026-03-09 19:03:06]   adam-vs-raw: dL_adam=1.44e-7 dL_raw=-1.45e-7 | step_norm_adam=1.74e-6 step_norm_raw=1.74e-6
[2026-03-09 19:03:06]   adam-vs-raw terms: adam[t1=-1.13e-9, t2=1.46e-7] raw[t1=-1.13e-9, t2=-1.44e-7]
[2026-03-09 19:03:14]   mech-grad AD(raw): [1]=0.0000000000000000e+00 [2]=0.0000000000000000e+00
[2026-03-09 19:03:14]   mech-grad FD(raw): [1]=3.1908503006983495e-02 [2]=6.1540980510223975e-03 | h=[3.3701176432007712e-06, 2.8576452269145969e-06]
[2026-03-09 19:03:14]   mech-bound slope dp/draw: ks=1.6052662378004320e-01 cs=2.5413467945428796e-07
[2026-03-09 19:03:14]   mech-grad AD-FD diff(raw): [1]=-3.1908503006983495e-02 [2]=-6.1540980510223975e-03
[2026-03-09 19:03:18]   adam-group-probe: dL_full=1.44e-7 dL_net=3.26e-7 dL_mech=-3.24e-7 cross=1.43e-7
[2026-03-09 19:03:18]   adam-group-step-norms: full=1.74e-6 net=1.74e-6 mech=6.28e-16
